hour,minute,volatility,success,next_return,target,multiplier
0,0,47351.072,0.4969,-0.0,2612,0.5
0,1,46227.7607,0.3995,0.0,2608,0.5
0,2,45558.2375,0.413,-0.0,2610,0.5
0,3,43393.5558,0.4024,-0.0,2607,0.5
0,4,42087.1067,0.4045,-0.0,2606,0.5
0,5,44506.7076,0.4216,0.0,2609,0.5
0,6,44002.298,0.432,-0.0001,2611,0.5
0,7,42164.6879,0.4014,-0.0,2611,0.5
0,8,41286.8098,0.4061,-0.0,2608,0.5
0,9,39785.8787,0.4006,0.0,2606,0.5
0,10,42078.1609,0.4379,0.0,2610,0.5
0,11,41167.6256,0.4154,0.0001,2607,0.5
0,12,40969.3487,0.4253,-0.0,2610,0.5
0,13,40822.2903,0.4006,-0.0,2611,0.5
0,14,38295.0883,0.4029,0.0,2606,0.5
0,15,43548.04,0.4362,0.0,2602,0.5
0,16,43200.4599,0.4247,0.0,2609,0.5
0,17,41903.3372,0.4001,-0.0,2607,0.5
0,18,40946.2366,0.3852,-0.0,2604,0.5
0,19,39238.8804,0.4049,0.0,2608,0.5
0,20,40539.64,0.4167,0.0,2611,0.5
0,21,39667.8201,0.4106,-0.0,2601,0.5
0,22,39952.0522,0.4058,0.0,2607,0.5
0,23,39714.505,0.4171,0.0,2606,0.5
0,24,38255.0825,0.4058,-0.0,2607,0.5
0,25,39368.6229,0.412,-0.0,2607,0.5
0,26,39058.6656,0.4084,0.0,2608,0.5
0,27,38530.6748,0.4038,0.0,2608,0.5
0,28,37298.4615,0.4073,-0.0,2600,0.5
0,29,37403.6098,0.4167,0.0,2604,0.5
0,30,42278.3742,0.436,-0.0,2608,0.5
0,31,42411.2006,0.4158,-0.0,2607,0.5
0,32,41398.0061,0.4149,0.0,2608,0.5
0,33,40359.417,0.4193,0.0,2607,0.5
0,34,40081.1639,0.4257,0.0,2612,0.5
0,35,42430.8756,0.4194,0.0,2604,0.5
0,36,41194.9348,0.4148,-0.0,2606,0.5
0,37,39788.1811,0.4071,-0.0,2606,0.5
0,38,38800.9969,0.3938,-0.0,2608,0.5
0,39,38895.6655,0.402,0.0,2607,0.5
0,40,39760.5364,0.4307,0.0,2610,0.5
0,41,38453.2209,0.3999,-0.0,2608,0.5
0,42,39175.1152,0.4151,-0.0,2604,0.5
0,43,37463.5736,0.4068,0.0,2608,0.5
0,44,35993.4841,0.3921,0.0001,2609,0.5
0,45,41112.9835,0.4336,-0.0,2611,0.5
0,46,40865.1341,0.4088,-0.0,2610,0.5
0,47,40035.6869,0.4156,-0.0,2606,0.5
0,48,38386.7382,0.4025,0.0,2609,0.5
0,49,36576.6871,0.4064,0.0,2608,0.5
0,50,38031.8496,0.4163,-0.0,2606,0.5
0,51,38261.2026,0.3987,0.0,2611,0.5
0,52,38281.5013,0.4075,-0.0,2611,0.5
0,53,37302.798,0.4082,0.0,2609,0.5
0,54,36929.6965,0.4041,0.0,2603,0.5
0,55,37725.3926,0.4236,-0.0,2611,0.5
0,56,36608.5123,0.4133,0.0001,2608,0.5
0,57,36259.2734,0.4176,0.0,2615,0.5
0,58,35861.0792,0.4286,0.0,2613,0.5
0,59,35952.8736,0.4126,0.0001,2610,0.5
1,0,46035.5913,0.496,0.0,2613,0.5
1,1,46015.7148,0.4166,0.0,2609,0.5
1,2,47580.6452,0.4286,0.0,2604,0.5
1,3,47244.2485,0.4007,0.0,2608,0.5
1,4,44450.9202,0.3926,-0.0,2608,0.5
1,5,47410.7486,0.4134,0.0,2605,0.5
1,6,44598.4674,0.4027,-0.0,2610,0.5
1,7,43049.8849,0.3914,-0.0,2606,0.5
1,8,40392.1043,0.3898,-0.0,2609,0.5
1,9,41107.1429,0.4025,-0.0,2604,0.5
1,10,41774.7506,0.4233,0.0,2606,0.5
1,11,41559.7388,0.4176,-0.0,2603,0.5
1,12,41384.6449,0.4104,0.0,2605,0.5
1,13,39953.5152,0.4084,0.0,2603,0.5
1,14,38567.3704,0.4077,0.0,2605,0.5
1,15,41890.8046,0.4364,-0.0001,2610,0.5
1,16,42439.632,0.3936,-0.0,2609,0.5
1,17,41035.3167,0.3916,0.0,2605,0.5
1,18,40993.0902,0.4415,-0.0,2605,0.5
1,19,39588.0998,0.4031,0.0,2605,0.5
1,20,41578.3225,0.4102,-0.0,2611,0.5
1,21,40039.9693,0.407,-0.0,2602,0.5
1,22,39559.4781,0.4091,0.0,2606,0.5
1,23,39173.5791,0.4178,0.0,2604,0.5
1,24,37611.2817,0.4064,0.0,2606,0.5
1,25,39647.6008,0.4226,-0.0,2605,0.5
1,26,38412.8933,0.4091,-0.0,2606,0.5
1,27,36970.8477,0.4131,0.0,2607,0.5
1,28,36897.1604,0.4125,-0.0,2606,0.5
1,29,36732.8215,0.4219,0.0,2605,0.5
1,30,41309.9348,0.4503,-0.0,2607,0.5
1,31,40656.5618,0.4148,-0.0001,2606,0.5
1,32,39509.4122,0.3899,0.0,2603,0.5
1,33,39021.8894,0.4101,-0.0,2604,0.5
1,34,38427.6947,0.4077,-0.0,2607,0.5
1,35,41070.6063,0.4321,-0.0,2606,0.5
1,36,39832.2432,0.404,-0.0001,2599,0.5
1,37,38615.4734,0.4015,-0.0,2598,0.5
1,38,38785.3303,0.4136,0.0,2604,0.5
1,39,37001.5302,0.4047,0.0,2614,0.5
1,40,38098.6186,0.4179,-0.0,2606,0.5
1,41,38357.6923,0.4038,-0.0,2600,0.5
1,42,36628.3186,0.4055,-0.0,2599,0.5
1,43,36544.6154,0.4,0.0,2600,0.5
1,44,35479.831,0.4195,0.0001,2603,0.5
1,45,38860.7595,0.4553,-0.0,2607,0.5
1,46,39942.4405,0.4048,0.0,2606,0.5
1,47,38938.8226,0.4078,-0.0,2599,0.5
1,48,37574.1737,0.382,-0.0,2602,0.5
1,49,36010.3607,0.3772,0.0,2606,0.5
1,50,37641.8997,0.4152,0.0,2611,0.5
1,51,37241.0885,0.4082,-0.0,2609,0.5
1,52,36306.4206,0.4091,-0.0,2601,0.5
1,53,35621.58,0.4239,0.0,2595,0.5
1,54,34845.092,0.4011,0.0,2608,0.5
1,55,36069.4818,0.4015,0.0,2605,0.5
1,56,35357.7487,0.4117,0.0,2594,0.5
1,57,34111.9661,0.3913,-0.0,2599,0.5
1,58,33869.4648,0.4209,0.0,2597,0.5
1,59,33609.363,0.4202,-0.0,2606,0.5
2,0,40504.6012,0.3646,0.0,2608,0.7
2,1,40027.4555,0.314,-0.0,2586,0.7
2,2,38937.7417,0.2962,-0.0001,2586,0.7
2,3,39065.9977,0.323,0.0,2591,0.7
2,4,37385.211,0.3213,-0.0,2583,0.7
2,5,38955.5126,0.3269,-0.0,2585,0.7
2,6,39264.6261,0.3216,-0.0,2581,0.7
2,7,37132.8155,0.3076,-0.0,2575,0.7
2,8,37130.0623,0.3388,-0.0,2568,0.7
2,9,37291.5531,0.311,-0.0,2569,0.7
2,10,37965.7588,0.3358,-0.0,2570,0.7
2,11,36679.0842,0.3314,0.0,2577,0.7
2,12,36499.0231,0.3283,-0.0,2559,0.7
2,13,35574.7082,0.321,0.0,2570,0.7
2,14,35426.3506,0.3335,0.0,2573,0.7
2,15,39067.6253,0.3692,-0.0,2573,0.7
2,16,38545.1011,0.3289,0.0,2572,0.7
2,17,37466.2005,0.3228,0.0,2574,0.7
2,18,36297.8641,0.3184,-0.0,2575,0.7
2,19,35457.6863,0.3179,-0.0,2576,0.7
2,20,37135.6921,0.3464,0.0,2572,0.7
2,21,35820.9828,0.3097,0.0,2564,0.7
2,22,35710.1562,0.3184,-0.0,2560,0.7
2,23,35411.1932,0.3218,0.0,2573,0.7
2,24,34007.776,0.3324,0.0,2572,0.7
2,25,35689.8833,0.3319,0.0,2570,0.7
2,26,35992.977,0.3277,-0.0,2563,0.7
2,27,34843.1677,0.3183,-0.0,2576,0.7
2,28,35380.0781,0.327,-0.0,2560,0.7
2,29,33949.3177,0.299,0.0,2565,0.7
2,30,38715.6711,0.3677,-0.0,2578,0.7
2,31,38977.0428,0.3105,-0.0,2570,0.7
2,32,37414.1021,0.3229,0.0,2567,0.7
2,33,36058.8235,0.3292,-0.0,2567,0.7
2,34,35307.393,0.3113,-0.0,2570,0.7
2,35,36152.74,0.3319,0.0,2573,0.7
2,36,37124.9512,0.326,-0.0,2561,0.7
2,37,36230.5296,0.3236,0.0,2568,0.7
2,38,35271.0608,0.328,-0.0,2564,0.7
2,39,34682.0673,0.3211,0.0,2554,0.7
2,40,36044.1406,0.3316,-0.0,2560,0.7
2,41,34686.5963,0.32,0.0,2559,0.7
2,42,34485.1446,0.3268,0.0,2558,0.7
2,43,33556.8581,0.3247,-0.0,2559,0.7
2,44,33060.8662,0.3219,0.0,2563,0.7
2,45,36744.4574,0.3423,-0.0,2571,0.7
2,46,36879.1894,0.3223,-0.0,2566,0.7
2,47,35588.7192,0.3008,-0.0,2553,0.7
2,48,34077.0736,0.3169,0.0,2556,0.7
2,49,34632.462,0.3129,-0.0,2563,0.7
2,50,35783.0997,0.3353,0.0,2568,0.7
2,51,35180.5393,0.3271,0.0,2559,0.7
2,52,35195.5329,0.3237,-0.0,2552,0.7
2,53,34224.2188,0.332,0.0,2560,0.7
2,54,33861.8267,0.3193,-0.0,2562,0.7
2,55,34800.0,0.3242,-0.0,2560,0.7
2,56,33535.5469,0.3125,-0.0,2560,0.7
2,57,33947.245,0.3298,-0.0,2559,0.7
2,58,33686.8647,0.3397,0.0,2558,0.7
2,59,33556.4674,0.329,0.0,2559,0.7
3,0,44254.2969,0.3855,0.0,2560,0.7
3,1,41050.3739,0.318,0.0,2541,0.7
3,2,40295.2493,0.3066,0.0,2547,0.7
3,3,37941.0145,0.3193,-0.0,2543,0.7
3,4,36690.1021,0.306,-0.0,2546,0.7
3,5,38869.9921,0.3507,-0.0,2546,0.7
3,6,37248.8208,0.3133,-0.0,2544,0.7
3,7,37590.694,0.3166,0.0,2536,0.7
3,8,37352.4299,0.3347,0.0,2531,0.7
3,9,36952.3997,0.3116,0.0,2542,0.7
3,10,37064.339,0.3268,0.0,2549,0.7
3,11,37142.1801,0.3337,0.0,2532,0.7
3,12,35542.7786,0.3085,0.0,2548,0.7
3,13,35125.8907,0.3254,0.0,2526,0.7
3,14,35014.5669,0.3406,0.0,2540,0.7
3,15,38395.9811,0.3491,0.0,2538,0.7
3,16,36083.8583,0.3244,-0.0001,2540,0.7
3,17,36624.9009,0.2998,0.0,2522,0.7
3,18,35594.9567,0.3148,0.0,2538,0.7
3,19,34258.3333,0.3218,0.0,2520,0.7
3,20,36761.811,0.339,-0.0,2540,0.7
3,21,35595.5766,0.2974,0.0,2532,0.7
3,22,34898.1371,0.3262,-0.0,2523,0.7
3,23,35071.3719,0.3128,0.0,2522,0.7
3,24,34010.2645,0.3095,0.0,2533,0.7
3,25,36268.2446,0.3258,0.0,2535,0.7
3,26,35833.4646,0.3244,0.0,2540,0.7
3,27,34088.457,0.3122,-0.0,2521,0.7
3,28,33639.163,0.3229,-0.0,2533,0.7
3,29,33035.9542,0.3244,0.0,2531,0.7
3,30,37186.7612,0.3507,0.0,2538,0.7
3,31,36366.5212,0.3154,-0.0,2521,0.7
3,32,35942.733,0.3258,0.0,2532,0.7
3,33,34903.5954,0.3094,0.0,2531,0.7
3,34,35200.3976,0.3217,-0.0,2515,0.7
3,35,36693.7648,0.3429,-0.0,2534,0.7
3,36,36327.2583,0.3225,0.0,2524,0.7
3,37,35605.2215,0.3145,0.0,2528,0.7
3,38,35383.1813,0.3201,-0.0,2521,0.7
3,39,34358.7515,0.3105,0.0,2531,0.7
3,40,35736.4892,0.3195,0.0,2535,0.7
3,41,36053.5289,0.3303,0.0,2522,0.7
3,42,34996.0254,0.3267,-0.0,2516,0.7
3,43,33907.7901,0.3335,0.0,2516,0.7
3,44,33765.6374,0.3167,0.0,2526,0.7
3,45,35980.6858,0.3366,0.0,2537,0.7
3,46,35955.6084,0.3163,-0.0,2523,0.7
3,47,35635.2524,0.3273,0.0,2536,0.7
3,48,34959.3949,0.3193,0.0,2512,0.7
3,49,34390.8046,0.3345,-0.0,2523,0.7
3,50,35561.9835,0.3148,0.0,2541,0.7
3,51,36100.8337,0.3243,-0.0,2519,0.7
3,52,35038.63,0.307,-0.0,2511,0.7
3,53,34943.7624,0.32,-0.0,2525,0.7
3,54,33877.3249,0.3209,0.0,2527,0.7
3,55,35074.2496,0.3373,0.0,2532,0.7
3,56,33708.2344,0.3254,-0.0,2526,0.7
3,57,32798.1724,0.3035,-0.0,2517,0.7
3,58,32301.7378,0.3262,0.0,2532,0.7
3,59,32263.4281,0.3274,0.0001,2532,0.7
4,0,39424.2068,0.3858,-0.0,2553,0.7
4,1,38647.8313,0.3088,-0.0,2513,0.7
4,2,36750.3949,0.316,0.0,2532,0.7
4,3,36406.6986,0.3206,0.0,2508,0.7
4,4,35237.6984,0.3147,0.0,2520,0.7
4,5,36972.2662,0.3288,-0.0,2524,0.7
4,6,35728.5771,0.3161,0.0,2509,0.7
4,7,36481.0983,0.3223,0.0,2513,0.7
4,8,35972.1227,0.317,-0.0,2511,0.7
4,9,34680.1909,0.3158,0.0,2514,0.7
4,10,38191.3458,0.3474,-0.0,2519,0.7
4,11,35729.2247,0.3225,0.0,2515,0.7
4,12,36180.4062,0.3266,-0.0,2511,0.7
4,13,34944.1141,0.3088,0.0,2523,0.7
4,14,34829.6267,0.3264,0.0,2518,0.7
4,15,37857.5386,0.3562,0.0,2527,0.7
4,16,36603.4141,0.3081,-0.0,2519,0.7
4,17,36524.7133,0.3163,-0.0,2529,0.7
4,18,35992.0698,0.2942,0.0,2522,0.7
4,19,35121.6323,0.3114,-0.0,2524,0.7
4,20,36630.7021,0.3308,0.0,2521,0.7
4,21,36261.8762,0.3222,0.0,2505,0.7
4,22,35507.7844,0.319,-0.0,2505,0.7
4,23,34545.5994,0.3178,0.0,2511,0.7
4,24,32919.1235,0.3139,0.0001,2510,0.7
4,25,34662.8368,0.3308,-0.0,2524,0.7
4,26,34035.0877,0.319,0.0,2508,0.7
4,27,34125.8993,0.3233,-0.0,2502,0.7
4,28,34310.3586,0.3187,0.0,2510,0.7
4,29,33937.2767,0.3231,0.0,2519,0.7
4,30,37238.4921,0.3488,-0.0,2520,0.7
4,31,36302.4178,0.2977,-0.0,2523,0.7
4,32,36701.9421,0.3175,0.0,2523,0.7
4,33,35840.9543,0.3089,0.0,2515,0.7
4,34,35522.2753,0.3202,-0.0,2514,0.7
4,35,36462.5743,0.3331,0.0,2525,0.7
4,36,36279.3008,0.3135,-0.0,2517,0.7
4,37,34169.7739,0.3146,0.0,2521,0.7
4,38,33814.234,0.3168,-0.0,2487,0.7
4,39,33580.414,0.3173,0.0,2512,0.7
4,40,34964.6825,0.3238,0.0,2520,0.7
4,41,34620.6483,0.3153,0.0,2499,0.7
4,42,34220.231,0.329,0.0,2511,0.7
4,43,32475.1801,0.311,0.0,2498,0.7
4,44,33181.6367,0.3285,-0.0,2505,0.7
4,45,36088.2002,0.3341,-0.0,2517,0.7
4,46,36067.0659,0.3158,-0.0,2505,0.7
4,47,35509.3217,0.3261,0.0,2521,0.7
4,48,34853.0466,0.3385,0.0,2511,0.7
4,49,34304.7467,0.3271,0.0,2507,0.7
4,50,36464.314,0.3497,0.0,2522,0.7
4,51,34717.9081,0.2968,0.0,2524,0.7
4,52,34812.5496,0.3058,-0.0,2518,0.7
4,53,33611.9462,0.2983,0.0,2528,0.7
4,54,33627.0378,0.3328,0.0,2515,0.7
4,55,35817.5327,0.3261,0.0,2521,0.7
4,56,34410.368,0.3288,-0.0,2527,0.7
4,57,33183.5845,0.2839,0.0,2522,0.7
4,58,32660.0712,0.3269,-0.0,2527,0.7
4,59,38175.5214,0.3361,0.0001,2541,0.7
5,0,46930.523,0.4859,0.0,2562,0.5
5,1,43443.5706,0.3673,0.0,2543,0.5
5,2,42350.5317,0.4116,0.0,2539,0.5
5,3,38803.7975,0.3766,0.0,2528,0.5
5,4,37769.6563,0.3765,0.0,2531,0.5
5,5,40248.817,0.3896,-0.0,2536,0.5
5,6,38717.8571,0.3798,-0.0,2520,0.5
5,7,38375.5441,0.3973,0.0,2527,0.5
5,8,38263.6796,0.3977,0.0,2522,0.5
5,9,36097.0297,0.3929,-0.0,2525,0.5
5,10,36548.4252,0.389,0.0,2540,0.5
5,11,36400.8723,0.4005,0.0,2522,0.5
5,12,35812.6482,0.3727,0.0,2530,0.5
5,13,35231.5914,0.3789,0.0,2526,0.5
5,14,34279.0881,0.3954,0.0,2544,0.5
5,15,37860.9689,0.4104,0.0001,2539,0.5
5,16,37564.1026,0.3779,0.0,2535,0.5
5,17,36363.457,0.3883,0.0,2534,0.5
5,18,36080.4598,0.3896,-0.0001,2523,0.5
5,19,34875.4941,0.3739,-0.0,2530,0.5
5,20,36692.0647,0.4082,0.0,2533,0.5
5,21,34484.1114,0.3841,0.0,2549,0.5
5,22,34195.738,0.3844,0.0,2534,0.5
5,23,34239.0282,0.3781,-0.0,2552,0.5
5,24,34413.0178,0.3807,0.0,2535,0.5
5,25,35010.6383,0.3861,-0.0,2538,0.5
5,26,34715.7521,0.3885,-0.0,2533,0.5
5,27,34367.0737,0.3864,0.0,2539,0.5
5,28,33201.5073,0.3705,0.0,2521,0.5
5,29,34486.8473,0.3875,0.0,2547,0.5
5,30,38805.8708,0.4114,-0.0,2555,0.5
5,31,36888.5375,0.3909,0.0,2530,0.5
5,32,35443.9197,0.3758,-0.0,2541,0.5
5,33,34634.0024,0.3711,-0.0,2541,0.5
5,34,34787.2171,0.3803,0.0,2519,0.5
5,35,34956.4706,0.3918,0.0,2550,0.5
5,36,34041.3549,0.3742,-0.0,2539,0.5
5,37,35474.5963,0.3852,0.0,2539,0.5
5,38,34471.305,0.3801,-0.0,2544,0.5
5,39,33428.1213,0.3765,0.0,2539,0.5
5,40,34087.6228,0.3874,0.0,2545,0.5
5,41,34852.2148,0.4022,0.0,2551,0.5
5,42,32915.7148,0.3742,-0.0,2539,0.5
5,43,32640.0786,0.3756,0.0,2545,0.5
5,44,33135.4535,0.3926,0.0001,2547,0.5
5,45,35612.5,0.3992,0.0,2560,0.5
5,46,35291.0945,0.3864,-0.0,2549,0.5
5,47,33348.6816,0.3794,0.0,2541,0.5
5,48,33482.1918,0.3789,0.0,2555,0.5
5,49,34590.8553,0.395,-0.0001,2537,0.5
5,50,35782.4726,0.3709,0.0,2556,0.5
5,51,34504.9232,0.3537,0.0001,2539,0.5
5,52,33654.6027,0.3942,-0.0001,2542,0.5
5,53,34257.1992,0.3976,0.0,2535,0.5
5,54,34065.9341,0.3854,0.0,2548,0.5
5,55,34330.9887,0.3998,0.0,2559,0.5
5,56,32831.6987,0.3782,-0.0,2549,0.5
5,57,32565.0295,0.3843,0.0,2545,0.5
5,58,32873.2449,0.3943,0.0,2564,0.5
5,59,36057.7448,0.4108,0.0,2563,0.5
6,0,40661.7188,0.4164,0.0,2560,0.5
6,1,37990.2988,0.3912,0.0,2577,0.5
6,2,35648.7329,0.3984,0.0,2565,0.5
6,3,35393.7038,0.3995,0.0,2573,0.5
6,4,34404.9941,0.3851,0.0,2563,0.5
6,5,35454.0163,0.3935,0.0,2577,0.5
6,6,33928.6268,0.3856,-0.0,2578,0.5
6,7,32949.7664,0.3902,0.0,2568,0.5
6,8,32794.3124,0.3833,-0.0,2567,0.5
6,9,34035.9515,0.4072,0.0,2559,0.5
6,10,34284.2718,0.3946,-0.0,2575,0.5
6,11,33198.9101,0.3893,0.0,2569,0.5
6,12,33210.8738,0.4082,0.0,2575,0.5
6,13,32310.4524,0.3787,-0.0,2564,0.5
6,14,32339.4175,0.3961,0.0,2575,0.5
6,15,35460.4344,0.4069,0.0,2578,0.5
6,16,33882.8549,0.3751,-0.0,2578,0.5
6,17,33563.735,0.3747,0.0,2581,0.5
6,18,32436.6252,0.3853,-0.0,2572,0.5
6,19,31909.8679,0.3827,0.0,2574,0.5
6,20,34514.7287,0.4016,0.0,2580,0.5
6,21,33630.2488,0.3857,0.0,2572,0.5
6,22,33615.3846,0.3858,0.0,2587,0.5
6,23,33106.8111,0.3947,0.0,2584,0.5
6,24,33141.9657,0.3916,0.0,2564,0.5
6,25,33564.0728,0.393,-0.0,2583,0.5
6,26,32640.856,0.377,-0.0,2570,0.5
6,27,32067.6253,0.3727,0.0,2573,0.5
6,28,30137.3157,0.3693,0.0,2578,0.5
6,29,30760.8103,0.3931,0.0,2567,0.5
6,30,33188.6135,0.4152,0.0,2582,0.5
6,31,33796.4396,0.3978,-0.0,2584,0.5
6,32,33288.6916,0.3817,0.0,2591,0.5
6,33,32775.3679,0.3826,0.0,2582,0.5
6,34,32864.8335,0.3865,-0.0,2582,0.5
6,35,33696.7118,0.395,0.0,2585,0.5
6,36,33151.8203,0.3823,0.0,2582,0.5
6,37,32678.0318,0.3859,0.0,2581,0.5
6,38,32008.1553,0.3973,0.0,2575,0.5
6,39,30650.4817,0.3877,0.0,2595,0.5
6,40,31860.7253,0.397,0.0,2592,0.5
6,41,32305.2427,0.3953,-0.0,2575,0.5
6,42,32414.7377,0.3943,-0.0,2592,0.5
6,43,32235.0213,0.3796,-0.0,2587,0.5
6,44,32507.5377,0.3954,0.0,2587,0.5
6,45,33302.3975,0.3998,-0.0,2586,0.5
6,46,33032.1332,0.3837,0.0,2583,0.5
6,47,32619.8379,0.384,0.0,2591,0.5
6,48,31485.9019,0.377,-0.0,2589,0.5
6,49,30404.6422,0.3768,0.0,2585,0.5
6,50,30809.726,0.3906,-0.0,2591,0.5
6,51,31010.0309,0.3827,-0.0,2592,0.5
6,52,30470.2932,0.3796,0.0,2592,0.5
6,53,30905.7551,0.3866,0.0,2589,0.5
6,54,30154.679,0.3944,0.0,2586,0.5
6,55,30262.7315,0.4074,0.0,2592,0.5
6,56,31188.3443,0.3898,0.0,2591,0.5
6,57,30215.0289,0.385,0.0,2595,0.5
6,58,29894.5539,0.3971,-0.0,2589,0.5
6,59,30225.2218,0.3957,0.0,2593,0.5
7,0,37476.1722,0.4581,0.0,2602,0.5
7,1,35365.3477,0.393,0.0,2603,0.5
7,2,33192.3817,0.3759,0.0,2599,0.5
7,3,32707.5145,0.3838,0.0,2595,0.5
7,4,32421.7007,0.3944,0.0,2599,0.5
7,5,33277.2011,0.396,0.0,2601,0.5
7,6,32318.4787,0.3934,0.0,2603,0.5
7,7,32357.6953,0.3855,0.0,2586,0.5
7,8,31262.8945,0.3868,0.0,2598,0.5
7,9,30825.1829,0.3897,0.0,2597,0.5
7,10,31960.8445,0.4019,0.0001,2605,0.5
7,11,31626.4456,0.3948,-0.0,2594,0.5
7,12,31548.7852,0.3822,-0.0,2593,0.5
7,13,31747.7791,0.3862,0.0,2589,0.5
7,14,28884.9115,0.3891,0.0,2598,0.5
7,15,31533.282,0.4182,0.0,2599,0.5
7,16,32398.3083,0.4002,0.0,2601,0.5
7,17,32851.5385,0.3831,0.0,2600,0.5
7,18,31751.3451,0.3909,-0.0,2602,0.5
7,19,30834.0393,0.3893,0.0,2597,0.5
7,20,32410.8378,0.3982,-0.0,2602,0.5
7,21,31705.4531,0.3848,0.0,2604,0.5
7,22,30364.4752,0.4041,0.0,2601,0.5
7,23,29698.0769,0.3758,0.0,2600,0.5
7,24,29858.6247,0.3938,-0.0,2603,0.5
7,25,31026.892,0.3746,0.0,2603,0.5
7,26,29766.3587,0.3853,-0.0,2598,0.5
7,27,30173.2616,0.4011,0.0,2603,0.5
7,28,30203.8462,0.3869,-0.0,2600,0.5
7,29,28372.7378,0.3762,0.0,2597,0.5
7,30,32577.0706,0.4248,-0.0,2608,0.5
7,31,32655.0269,0.3822,0.0,2606,0.5
7,32,31520.5374,0.377,0.0001,2605,0.5
7,33,31623.8955,0.3922,0.0,2603,0.5
7,34,30146.3134,0.3606,0.0,2604,0.5
7,35,31665.5186,0.406,0.0,2613,0.5
7,36,31474.3295,0.3862,0.0,2610,0.5
7,37,31751.1521,0.3917,0.0,2604,0.5
7,38,31023.0681,0.3856,-0.0,2601,0.5
7,39,30523.2424,0.3857,-0.0,2603,0.5
7,40,30774.6641,0.3869,-0.0,2605,0.5
7,41,30209.9193,0.3875,0.0,2601,0.5
7,42,29741.7625,0.3943,-0.0,2610,0.5
7,43,30499.616,0.3909,0.0,2604,0.5
7,44,29273.0073,0.392,0.0,2597,0.5
7,45,31613.5229,0.4099,-0.0,2603,0.5
7,46,31524.2121,0.3839,-0.0,2602,0.5
7,47,30363.6711,0.3767,0.0,2615,0.5
7,48,30115.0,0.3819,-0.0,2600,0.5
7,49,28747.316,0.3777,-0.0,2608,0.5
7,50,30268.714,0.3893,0.0,2605,0.5
7,51,29852.4339,0.394,-0.0001,2609,0.5
7,52,29601.5326,0.3778,0.0,2610,0.5
7,53,30416.5067,0.38,0.0,2605,0.5
7,54,30087.6723,0.3959,0.0,2612,0.5
7,55,29492.5487,0.4008,0.0001,2617,0.5
7,56,29707.3077,0.4069,-0.0,2600,0.5
7,57,29126.3926,0.3815,0.0,2603,0.5
7,58,28428.5714,0.4006,-0.0,2611,0.5
7,59,27673.8214,0.3956,0.0,2609,0.5
8,0,34575.2585,0.4355,-0.0,2611,0.5
8,1,33321.8126,0.3932,0.0,2604,0.5
8,2,32478.7112,0.3702,-0.0,2607,0.5
8,3,31169.3487,0.3866,-0.0,2610,0.5
8,4,31650.7876,0.3907,-0.0,2603,0.5
8,5,33180.6353,0.4099,0.0001,2613,0.5
8,6,32710.1227,0.4099,0.0,2608,0.5
8,7,31702.2666,0.3965,0.0,2603,0.5
8,8,29756.995,0.3887,-0.0,2609,0.5
8,9,29751.0549,0.3932,0.0,2607,0.5
8,10,31230.3565,0.404,0.0,2609,0.5
8,11,30851.5117,0.3781,-0.0,2613,0.5
8,12,30139.7932,0.3784,-0.0,2611,0.5
8,13,29118.0315,0.3895,-0.0,2601,0.5
8,14,28413.41,0.4054,0.0,2610,0.5
8,15,32070.5521,0.4298,0.0,2608,0.5
8,16,31426.1668,0.3956,-0.0,2614,0.5
8,17,30544.6189,0.3864,0.0,2611,0.5
8,18,30456.0798,0.3924,-0.0,2607,0.5
8,19,29248.371,0.3917,0.0,2609,0.5
8,20,31006.1185,0.3996,-0.0,2615,0.5
8,21,30161.4883,0.3751,-0.0,2607,0.5
8,22,29513.7931,0.3766,-0.0,2610,0.5
8,23,28971.5931,0.3804,-0.0,2605,0.5
8,24,28408.969,0.3994,-0.0,2609,0.5
8,25,30167.0498,0.4061,0.0,2610,0.5
8,26,29179.9693,0.3887,0.0,2606,0.5
8,27,29518.9728,0.3837,-0.0,2609,0.5
8,28,28945.977,0.3682,-0.0,2610,0.5
8,29,28324.1379,0.3743,0.0,2610,0.5
8,30,30448.0644,0.4128,0.0,2609,0.5
8,31,30270.291,0.3871,0.0,2612,0.5
8,32,29832.6953,0.3886,-0.0,2612,0.5
8,33,29395.7854,0.364,-0.0,2610,0.5
8,34,28864.1928,0.3849,0.0,2614,0.5
8,35,29042.0811,0.3768,-0.0,2614,0.5
8,36,28354.8757,0.3901,-0.0,2615,0.5
8,37,28710.728,0.3847,0.0,2610,0.5
8,38,27526.4165,0.3809,-0.0,2612,0.5
8,39,27725.3926,0.3765,-0.0,2611,0.5
8,40,27502.8725,0.3964,-0.0,2611,0.5
8,41,28152.9908,0.3788,0.0,2608,0.5
8,42,28060.0612,0.3906,-0.0,2614,0.5
8,43,26544.4104,0.3637,-0.0,2612,0.5
8,44,27248.4663,0.3811,0.0,2608,0.5
8,45,28899.7321,0.4156,-0.0001,2613,0.5
8,46,29298.4273,0.3778,-0.0,2607,0.5
8,47,28242.4358,0.3566,0.0,2611,0.5
8,48,27953.6931,0.3961,-0.0,2613,0.5
8,49,28113.1498,0.3941,-0.0,2616,0.5
8,50,29101.3772,0.3875,0.0,2614,0.5
8,51,28955.1552,0.4002,-0.0,2609,0.5
8,52,28634.277,0.3883,-0.0,2614,0.5
8,53,28406.9545,0.3791,-0.0,2617,0.5
8,54,28311.6635,0.3816,-0.0,2615,0.5
8,55,29164.4989,0.4013,0.0,2614,0.5
8,56,29131.8807,0.396,0.0001,2616,0.5
8,57,28944.593,0.4104,0.0,2617,0.5
8,58,30764.9083,0.4262,-0.0,2616,0.5
8,59,37621.5596,0.4503,0.0004,2616,0.5
9,0,61262.3139,0.7507,-0.0001,2619,0.3
9,1,57816.1007,0.5261,-0.0002,2621,0.3
9,2,57066.4376,0.5384,-0.0001,2619,0.3
9,3,55428.1346,0.5466,-0.0001,2616,0.3
9,4,52200.5348,0.5367,-0.0,2618,0.3
9,5,50374.5704,0.5582,-0.0,2619,0.3
9,6,48116.9278,0.5426,0.0001,2617,0.3
9,7,46742.4532,0.5564,0.0001,2617,0.3
9,8,45708.9381,0.5569,0.0,2618,0.3
9,9,44153.2289,0.5564,0.0001,2617,0.3
9,10,44729.7401,0.57,-0.0,2616,0.3
9,11,43637.0937,0.556,0.0001,2615,0.3
9,12,42231.386,0.5418,-0.0,2619,0.3
9,13,42196.7902,0.5441,0.0,2617,0.3
9,14,41779.648,0.5585,0.0001,2614,0.3
9,15,44624.4275,0.5664,0.0,2620,0.3
9,16,43829.893,0.5417,-0.0,2616,0.3
9,17,42489.4837,0.5392,0.0,2615,0.3
9,18,41734.8891,0.5493,-0.0,2614,0.3
9,19,40797.7829,0.5447,-0.0,2616,0.3
9,20,39911.7647,0.5405,0.0,2618,0.3
9,21,40896.1436,0.5414,0.0,2619,0.3
9,22,40578.8064,0.5344,-0.0,2614,0.3
9,23,40265.4698,0.5363,0.0,2618,0.3
9,24,40668.9629,0.5526,0.0,2613,0.3
9,25,41341.2214,0.5542,-0.0,2620,0.3
9,26,39045.0898,0.5373,-0.0,2617,0.3
9,27,39645.0382,0.5408,-0.0,2620,0.3
9,28,36676.9878,0.5306,0.0,2616,0.3
9,29,36357.4159,0.5424,0.0,2616,0.3
9,30,39755.0553,0.5681,0.0,2621,0.3
9,31,40802.37,0.5294,-0.0,2616,0.3
9,32,39656.4769,0.5373,-0.0,2617,0.3
9,33,40004.2113,0.5279,-0.0,2612,0.3
9,34,38974.0458,0.5416,-0.0,2620,0.3
9,35,40055.0669,0.5495,-0.0,2615,0.3
9,36,39017.9389,0.558,-0.0,2620,0.3
9,37,37837.0314,0.5375,0.0,2614,0.3
9,38,36140.2369,0.5327,0.0,2617,0.3
9,39,36378.4404,0.5508,-0.0,2616,0.3
9,40,37202.0626,0.5443,0.0,2618,0.3
9,41,36006.8807,0.534,-0.0,2616,0.3
9,42,35567.8776,0.5388,-0.0,2615,0.3
9,43,34136.4679,0.5405,-0.0,2616,0.3
9,44,33989.2884,0.5406,0.0,2614,0.3
9,45,36996.1788,0.5587,0.0,2617,0.3
9,46,37719.4795,0.5511,-0.0,2613,0.3
9,47,36136.5723,0.5122,0.0,2614,0.3
9,48,34646.0481,0.541,0.0,2619,0.3
9,49,34928.2169,0.5349,0.0,2619,0.3
9,50,34967.9267,0.5361,-0.0,2619,0.3
9,51,34994.6442,0.5218,-0.0,2614,0.3
9,52,33729.8433,0.5315,-0.0,2617,0.3
9,53,33310.49,0.5379,0.0,2612,0.3
9,54,32982.436,0.5483,0.0,2619,0.3
9,55,33704.8239,0.559,-0.0,2612,0.3
9,56,33534.4037,0.5367,-0.0,2616,0.3
9,57,33455.0325,0.5434,-0.0,2613,0.3
9,58,32792.0489,0.547,0.0,2616,0.3
9,59,32039.3731,0.5294,-0.0,2616,0.3
10,0,37983.9327,0.5011,-0.0,2614,0.4
10,1,37591.8991,0.4757,0.0,2617,0.4
10,2,35555.6405,0.473,0.0,2615,0.4
10,3,35977.8203,0.486,0.0,2615,0.4
10,4,34848.1255,0.4744,-0.0,2614,0.4
10,5,35975.2098,0.4783,-0.0,2622,0.4
10,6,34750.0,0.4679,-0.0,2616,0.4
10,7,34661.8321,0.4859,-0.0,2620,0.4
10,8,33671.0123,0.4728,0.0,2608,0.4
10,9,34498.2805,0.4681,-0.0,2617,0.4
10,10,35124.188,0.4841,0.0,2617,0.4
10,11,34421.6361,0.4778,0.0,2616,0.4
10,12,34739.9618,0.4826,-0.0,2615,0.4
10,13,34454.337,0.4627,0.0,2617,0.4
10,14,32541.9847,0.4504,0.0,2620,0.4
10,15,36147.1713,0.4744,0.0,2616,0.4
10,16,35227.3074,0.4615,-0.0,2622,0.4
10,17,35694.0727,0.4589,-0.0,2615,0.4
10,18,34446.5241,0.4542,-0.0,2618,0.4
10,19,33461.7445,0.4526,-0.0,2614,0.4
10,20,33963.6572,0.4725,-0.0,2614,0.4
10,21,34251.0492,0.4708,-0.0,2621,0.4
10,22,33954.8757,0.4864,-0.0,2615,0.4
10,23,33313.8603,0.4719,0.0,2619,0.4
10,24,33101.1837,0.4777,0.0,2619,0.4
10,25,33763.6921,0.4822,-0.0001,2611,0.4
10,26,33180.5344,0.4561,-0.0,2620,0.4
10,27,32699.3114,0.4744,0.0,2614,0.4
10,28,31935.4716,0.4811,0.0,2619,0.4
10,29,32502.6758,0.4817,0.0001,2616,0.4
10,30,35330.916,0.5076,-0.0,2620,0.4
10,31,34118.029,0.4656,0.0,2618,0.4
10,32,35075.6881,0.4836,-0.0,2616,0.4
10,33,34568.2079,0.4681,-0.0,2617,0.4
10,34,32662.844,0.4725,0.0,2616,0.4
10,35,33801.2992,0.4754,-0.0,2617,0.4
10,36,34572.0841,0.4593,0.0,2615,0.4
10,37,33879.8316,0.4814,0.0,2613,0.4
10,38,33388.0597,0.4864,0.0,2613,0.4
10,39,32345.8589,0.4712,-0.0,2608,0.4
10,40,32878.8226,0.4656,-0.0,2616,0.4
10,41,31782.0758,0.4711,0.0,2611,0.4
10,42,32304.9618,0.4855,0.0,2620,0.4
10,43,32057.4053,0.4799,-0.0,2613,0.4
10,44,31661.9557,0.4629,-0.0,2618,0.4
10,45,33213.5218,0.4817,0.0,2618,0.4
10,46,33711.3402,0.48,-0.0,2619,0.4
10,47,33103.8564,0.4654,-0.0,2619,0.4
10,48,32329.8969,0.4742,0.0,2619,0.4
10,49,32342.4867,0.4584,0.0,2622,0.4
10,50,31864.0183,0.4782,-0.0,2618,0.4
10,51,31876.7646,0.4674,0.0,2621,0.4
10,52,31271.5814,0.4744,0.0,2618,0.4
10,53,30396.4067,0.4629,-0.0001,2616,0.4
10,54,30308.1329,0.4792,0.0,2619,0.4
10,55,32159.4037,0.4904,0.0,2616,0.4
10,56,30296.3387,0.4748,0.0,2622,0.4
10,57,29940.4125,0.4782,-0.0,2618,0.4
10,58,29770.3477,0.4685,-0.0,2617,0.4
10,59,28936.2352,0.4876,0.0,2619,0.4
11,0,34969.8012,0.5233,0.0,2616,0.4
11,1,34152.6135,0.4666,0.0,2621,0.4
11,2,33578.525,0.4799,-0.0,2617,0.4
11,3,33014.8798,0.47,0.0,2621,0.4
11,4,31126.7659,0.4494,-0.0,2619,0.4
11,5,32072.9286,0.4822,-0.0,2619,0.4
11,6,31427.8075,0.4668,-0.0,2618,0.4
11,7,31631.4384,0.4731,0.0,2621,0.4
11,8,30884.8207,0.4668,-0.0,2622,0.4
11,9,31857.3608,0.4798,0.0,2622,0.4
11,10,31777.0115,0.4586,-0.0,2610,0.4
11,11,31556.7444,0.4677,-0.0,2617,0.4
11,12,32168.1922,0.4539,-0.0,2622,0.4
11,13,31488.1498,0.4706,0.0,2616,0.4
11,14,29915.9343,0.4643,-0.0,2617,0.4
11,15,31660.0458,0.4893,-0.0,2618,0.4
11,16,32252.2005,0.465,-0.0,2613,0.4
11,17,30907.2165,0.4727,0.0,2619,0.4
11,18,31219.1676,0.4834,-0.0,2619,0.4
11,19,30578.9071,0.47,0.0,2617,0.4
11,20,31437.3089,0.4851,-0.0,2616,0.4
11,21,31211.6119,0.4817,-0.0,2618,0.4
11,22,30309.6058,0.4554,0.0,2613,0.4
11,23,30110.687,0.4637,-0.0,2620,0.4
11,24,29931.2452,0.4851,-0.0,2618,0.4
11,25,30606.5699,0.4862,0.0,2618,0.4
11,26,30851.2586,0.4855,0.0,2622,0.4
11,27,29779.6869,0.4628,-0.0,2619,0.4
11,28,29850.3636,0.4684,-0.0,2613,0.4
11,29,28699.3114,0.4614,0.0001,2614,0.4
11,30,31716.4692,0.4952,-0.0,2617,0.4
11,31,32421.5349,0.4654,-0.0,2619,0.4
11,32,31748.7572,0.4704,-0.0,2615,0.4
11,33,30704.1284,0.4599,0.0,2616,0.4
11,34,30868.8838,0.4744,-0.0,2616,0.4
11,35,31413.2011,0.4636,-0.0,2621,0.4
11,36,30723.453,0.4733,-0.0,2618,0.4
11,37,29236.2385,0.4664,0.0,2616,0.4
11,38,29589.538,0.4803,0.0,2619,0.4
11,39,29697.5143,0.4803,-0.0,2615,0.4
11,40,30209.4801,0.4744,-0.0,2616,0.4
11,41,30706.6922,0.4868,0.0,2615,0.4
11,42,29681.853,0.4701,-0.0,2612,0.4
11,43,29242.3547,0.4541,-0.0,2616,0.4
11,44,29668.8312,0.4866,0.0,2618,0.4
11,45,30690.6035,0.4943,0.0,2618,0.4
11,46,30299.1976,0.4738,-0.0,2617,0.4
11,47,30066.5138,0.4492,0.0,2616,0.4
11,48,29623.2824,0.4733,-0.0,2620,0.4
11,49,27715.8177,0.4715,-0.0,2611,0.4
11,50,28570.2258,0.4688,-0.0,2613,0.4
11,51,28741.3925,0.4736,-0.0,2614,0.4
11,52,28187.6911,0.4729,-0.0001,2616,0.4
11,53,28034.3249,0.4588,0.0,2622,0.4
11,54,27907.039,0.464,0.0,2614,0.4
11,55,28924.6077,0.4654,-0.0,2613,0.4
11,56,29077.6291,0.4784,0.0,2615,0.4
11,57,28264.9083,0.4656,-0.0,2616,0.4
11,58,27237.8771,0.4693,0.0,2619,0.4
11,59,27407.1101,0.4721,0.0,2616,0.4
12,0,31947.9924,0.4402,-0.0,2615,0.5
12,1,31767.4952,0.4023,-0.0,2615,0.5
12,2,30545.4893,0.4144,-0.0,2616,0.5
12,3,30343.0099,0.4125,-0.0,2618,0.5
12,4,29649.8664,0.3895,-0.0,2619,0.5
12,5,30098.855,0.4069,0.0,2620,0.5
12,6,30433.2061,0.4218,-0.0,2620,0.5
12,7,28642.0932,0.4034,0.0,2618,0.5
12,8,28423.0034,0.4119,-0.0,2617,0.5
12,9,28240.8257,0.4121,-0.0001,2616,0.5
12,10,28799.3119,0.406,-0.0,2616,0.5
12,11,28873.9014,0.3825,-0.0,2617,0.5
12,12,30189.365,0.3944,-0.0,2614,0.5
12,13,29457.4265,0.4005,-0.0,2619,0.5
12,14,27915.9985,0.4173,0.0,2619,0.5
12,15,29683.728,0.4163,0.0,2618,0.5
12,16,30250.6687,0.4169,0.0,2617,0.5
12,17,29780.7118,0.4015,-0.0,2613,0.5
12,18,28957.9992,0.3933,-0.0001,2619,0.5
12,19,27949.1784,0.3947,-0.0,2617,0.5
12,20,28252.9659,0.4133,0.0,2613,0.5
12,21,29541.8738,0.4027,-0.0,2615,0.5
12,22,28110.8139,0.4035,0.0,2617,0.5
12,23,29263.7615,0.4109,-0.0,2616,0.5
12,24,28789.313,0.3943,-0.0,2620,0.5
12,25,28750.0,0.4042,-0.0,2620,0.5
12,26,28779.0965,0.4012,0.0,2612,0.5
12,27,28156.2261,0.403,0.0,2618,0.5
12,28,28339.313,0.4145,-0.0,2620,0.5
12,29,27934.658,0.4123,-0.0,2617,0.5
12,30,31155.021,0.3956,0.0,2619,0.5
12,31,30249.5231,0.3995,0.0,2621,0.5
12,32,30824.7423,0.42,-0.0,2619,0.5
12,33,30402.8309,0.4044,0.0,2614,0.5
12,34,30084.8624,0.4014,-0.0,2616,0.5
12,35,28706.9163,0.4073,-0.0,2617,0.5
12,36,28636.4679,0.4063,-0.0,2616,0.5
12,37,28072.2201,0.4016,-0.0,2617,0.5
12,38,27618.9385,0.399,0.0001,2619,0.5
12,39,27279.4793,0.4001,0.0,2612,0.5
12,40,29202.9817,0.4205,-0.0,2616,0.5
12,41,28532.2889,0.4073,0.0,2617,0.5
12,42,27941.4914,0.4084,-0.0,2615,0.5
12,43,27120.6107,0.3996,-0.0,2620,0.5
12,44,27275.8225,0.4051,0.0001,2614,0.5
12,45,29438.6702,0.4207,-0.0001,2617,0.5
12,46,28523.9189,0.3961,-0.0,2613,0.5
12,47,27435.5147,0.4103,0.0,2613,0.5
12,48,27623.5654,0.4181,0.0,2614,0.5
12,49,26640.3979,0.4036,0.0,2614,0.5
12,50,27518.9148,0.4058,-0.0,2617,0.5
12,51,27382.263,0.417,0.0,2616,0.5
12,52,26925.4587,0.4086,0.0,2616,0.5
12,53,26574.7039,0.4142,0.0,2617,0.5
12,54,26490.0536,0.4036,-0.0,2614,0.5
12,55,26977.7948,0.3974,0.0,2612,0.5
12,56,26800.0,0.4119,-0.0,2615,0.5
12,57,27238.7319,0.4095,-0.0,2618,0.5
12,58,26282.2765,0.3873,0.0,2618,0.5
12,59,26250.5738,0.4135,0.0,2614,0.5
13,0,33697.7455,0.3699,0.0,2617,0.7
13,1,31183.4862,0.3138,-0.0,2616,0.7
13,2,31310.6611,0.321,0.0,2617,0.7
13,3,31470.5657,0.3299,-0.0,2616,0.7
13,4,30041.7625,0.318,-0.0,2610,0.7
13,5,30049.2366,0.324,-0.0,2620,0.7
13,6,30300.1912,0.3117,0.0,2615,0.7
13,7,29310.2525,0.3103,-0.0,2614,0.7
13,8,28455.3094,0.3163,-0.0,2618,0.7
13,9,28461.1558,0.3131,-0.0,2613,0.7
13,10,28999.6174,0.3271,-0.0,2614,0.7
13,11,27926.9039,0.3085,-0.0,2613,0.7
13,12,27078.596,0.3151,-0.0,2621,0.7
13,13,27297.4732,0.3113,0.0,2612,0.7
13,14,27177.8203,0.327,0.0,2615,0.7
13,15,29455.0669,0.3346,-0.0,2615,0.7
13,16,29175.9755,0.3305,-0.0,2614,0.7
13,17,28448.9874,0.3191,-0.0,2617,0.7
13,18,27876.0046,0.3184,0.0,2613,0.7
13,19,28631.74,0.343,-0.0,2615,0.7
13,20,28247.3242,0.3154,0.0,2616,0.7
13,21,28047.6917,0.3045,-0.0,2621,0.7
13,22,26870.6963,0.3294,-0.0,2614,0.7
13,23,27119.2661,0.3203,-0.0,2616,0.7
13,24,26811.4723,0.3296,0.0,2615,0.7
13,25,28334.8624,0.3291,-0.0,2616,0.7
13,26,26912.1467,0.3239,0.0,2618,0.7
13,27,26598.088,0.3243,0.0,2615,0.7
13,28,26538.9908,0.3238,-0.0,2616,0.7
13,29,25512.6243,0.3183,0.0,2614,0.7
13,30,29124.3305,0.352,-0.0,2614,0.7
13,31,29132.5439,0.3128,-0.0,2618,0.7
13,32,28489.2884,0.3076,-0.0,2614,0.7
13,33,27909.0214,0.3238,0.0,2616,0.7
13,34,26874.2355,0.3203,0.0,2616,0.7
13,35,27947.9127,0.339,-0.0,2611,0.7
13,36,28044.2917,0.3093,-0.0,2619,0.7
13,37,26884.424,0.3046,-0.0,2613,0.7
13,38,26686.9266,0.3207,-0.0,2616,0.7
13,39,26198.0122,0.315,-0.0,2616,0.7
13,40,27408.2569,0.3307,-0.0,2616,0.7
13,41,27438.9591,0.3375,-0.0,2613,0.7
13,42,27327.3354,0.3231,0.0,2612,0.7
13,43,26079.893,0.3096,-0.0,2616,0.7
13,44,26523.0061,0.3221,0.0001,2608,0.7
13,45,28379.8242,0.342,0.0,2617,0.7
13,46,27798.6244,0.3286,0.0,2617,0.7
13,47,28437.6911,0.3276,0.0,2616,0.7
13,48,27205.8148,0.3271,0.0,2614,0.7
13,49,26779.0119,0.3095,-0.0,2611,0.7
13,50,27478.5769,0.3347,-0.0,2614,0.7
13,51,27355.233,0.3186,-0.0,2618,0.7
13,52,26627.2936,0.3222,-0.0,2616,0.7
13,53,27338.3028,0.3452,0.0,2616,0.7
13,54,26744.8355,0.3443,-0.0001,2614,0.7
13,55,27503.248,0.3202,0.0,2617,0.7
13,56,27214.6136,0.3344,0.0,2614,0.7
13,57,26306.9572,0.3242,0.0,2616,0.7
13,58,26300.5736,0.3511,-0.0001,2615,0.7
13,59,27327.2101,0.331,0.0,2613,0.7
14,0,30250.4773,0.3639,0.0,2619,0.7
14,1,30132.3642,0.3275,-0.0,2614,0.7
14,2,29466.7685,0.3189,-0.0,2618,0.7
14,3,29658.7786,0.3271,-0.0,2620,0.7
14,4,28473.0608,0.3179,0.0,2617,0.7
14,5,29103.211,0.3349,0.0,2616,0.7
14,6,29473.9663,0.3277,0.0,2612,0.7
14,7,27904.5437,0.3249,0.0,2619,0.7
14,8,26988.1317,0.3247,-0.0,2612,0.7
14,9,27084.4801,0.3261,0.0,2616,0.7
14,10,27555.9801,0.3451,0.0,2617,0.7
14,11,27738.8316,0.3211,-0.0,2619,0.7
14,12,27101.6431,0.3164,-0.0,2617,0.7
14,13,27359.1118,0.3247,-0.0,2612,0.7
14,14,26872.0397,0.3354,0.0,2618,0.7
14,15,28955.2239,0.3463,0.0,2613,0.7
14,16,28397.8618,0.3318,0.0,2619,0.7
14,17,28784.2387,0.3256,0.0,2614,0.7
14,18,27961.7737,0.3303,-0.0,2616,0.7
14,19,26899.8088,0.3017,0.0,2615,0.7
14,20,28900.1148,0.3471,-0.0,2613,0.7
14,21,28210.9285,0.3294,-0.0,2617,0.7
14,22,27563.2404,0.3206,-0.0,2617,0.7
14,23,27037.4904,0.3206,0.0,2614,0.7
14,24,26959.8777,0.3172,-0.0,2617,0.7
14,25,27485.6597,0.3384,-0.0,2615,0.7
14,26,27800.841,0.3452,-0.0,2616,0.7
14,27,27361.1643,0.3198,0.0,2611,0.7
14,28,27553.9816,0.3292,-0.0,2612,0.7
14,29,27303.6669,0.3273,-0.0,2618,0.7
14,30,29338.9441,0.3466,-0.0,2614,0.7
14,31,28848.0916,0.3271,-0.0,2620,0.7
14,32,27848.6239,0.3173,0.0,2616,0.7
14,33,27587.9878,0.3164,-0.0,2614,0.7
14,34,26885.5283,0.3227,-0.0,2612,0.7
14,35,28544.4826,0.336,0.0,2619,0.7
14,36,28040.153,0.3346,0.0,2615,0.7
14,37,27200.7634,0.3267,0.0,2620,0.7
14,38,27852.5029,0.3363,0.0,2617,0.7
14,39,26418.7023,0.321,-0.0,2620,0.7
14,40,27242.8408,0.3318,-0.0,2619,0.7
14,41,28145.9129,0.327,-0.0,2618,0.7
14,42,28030.546,0.32,-0.0,2619,0.7
14,43,27227.0291,0.304,-0.0,2612,0.7
14,44,26182.9641,0.3174,0.0,2618,0.7
14,45,28080.2446,0.3344,0.0,2617,0.7
14,46,28798.1651,0.3475,-0.0,2616,0.7
14,47,27807.7217,0.3192,0.0,2616,0.7
14,48,27650.4594,0.322,-0.0,2612,0.7
14,49,27070.0613,0.312,0.0,2612,0.7
14,50,27803.749,0.3317,-0.0,2614,0.7
14,51,27441.896,0.3047,0.0,2616,0.7
14,52,27438.3352,0.3196,-0.0001,2619,0.7
14,53,26970.9924,0.3344,0.0,2620,0.7
14,54,26523.5182,0.3396,-0.0,2615,0.7
14,55,27004.5889,0.3235,0.0,2615,0.7
14,56,26389.7788,0.3295,0.0,2622,0.7
14,57,25243.6044,0.3257,-0.0,2619,0.7
14,58,25930.126,0.3288,-0.0,2619,0.7
14,59,26620.7028,0.3491,0.0,2618,0.7
15,0,31255.4493,0.3602,0.0,2615,0.7
15,1,31310.187,0.3243,-0.0,2621,0.7
15,2,29533.8432,0.3189,0.0,2615,0.7
15,3,29282.8244,0.3298,0.0,2620,0.7
15,4,28674.5607,0.3331,0.0,2618,0.7
15,5,29027.1614,0.3156,-0.0,2614,0.7
15,6,28958.0313,0.3201,0.0,2621,0.7
15,7,28735.0917,0.3349,-0.0,2616,0.7
15,8,28393.9626,0.3344,0.0,2617,0.7
15,9,27419.0222,0.3319,0.0,2618,0.7
15,10,28340.3442,0.3273,0.0,2615,0.7
15,11,28577.4218,0.3291,-0.0,2622,0.7
15,12,28003.8256,0.3313,0.0,2614,0.7
15,13,28126.6259,0.3451,0.0,2614,0.7
15,14,28153.0534,0.3294,0.0,2620,0.7
15,15,29635.357,0.3467,0.0,2619,0.7
15,16,29619.1749,0.3373,-0.0,2618,0.7
15,17,28390.9056,0.3145,-0.0,2617,0.7
15,18,28223.0298,0.337,-0.0,2614,0.7
15,19,27374.0897,0.3154,0.0,2609,0.7
15,20,28100.1912,0.3361,0.0,2615,0.7
15,21,27560.7798,0.3242,0.0,2616,0.7
15,22,28364.9579,0.3405,0.0,2614,0.7
15,23,28083.7156,0.3257,0.0,2616,0.7
15,24,27722.6054,0.3276,-0.0,2610,0.7
15,25,27961.3767,0.3132,0.0,2615,0.7
15,26,27311.0176,0.3405,0.0,2614,0.7
15,27,27227.9159,0.3315,0.0,2615,0.7
15,28,27279.9847,0.3281,-0.0,2618,0.7
15,29,26754.2113,0.3266,0.0,2612,0.7
15,30,29321.8786,0.349,0.0,2619,0.7
15,31,29335.7553,0.3247,-0.0,2615,0.7
15,32,28134.8358,0.3289,-0.0,2618,0.7
15,33,28625.6195,0.3244,-0.0,2623,0.7
15,34,27105.8869,0.3234,0.0,2616,0.7
15,35,29461.7737,0.354,0.0,2616,0.7
15,36,28646.5418,0.3374,-0.0,2617,0.7
15,37,28630.1527,0.3237,0.0,2620,0.7
15,38,28124.283,0.3369,-0.0,2615,0.7
15,39,27811.0899,0.3124,-0.0,2615,0.7
15,40,27985.8725,0.3169,-0.0,2619,0.7
15,41,27841.0394,0.3229,-0.0,2617,0.7
15,42,27087.6387,0.3065,0.0,2613,0.7
15,43,27016.7875,0.3258,-0.0,2621,0.7
15,44,27167.3033,0.3396,0.0,2618,0.7
15,45,29116.3859,0.3461,0.0,2612,0.7
15,46,28495.023,0.3266,0.0,2612,0.7
15,47,27619.1205,0.3327,-0.0,2615,0.7
15,48,27199.8469,0.3292,-0.0,2612,0.7
15,49,27312.6911,0.3268,0.0,2616,0.7
15,50,27768.3767,0.3377,-0.0,2612,0.7
15,51,27363.4277,0.3328,-0.0,2614,0.7
15,52,27614.1762,0.3046,-0.0,2610,0.7
15,53,27288.5572,0.3238,-0.0,2613,0.7
15,54,27570.9369,0.314,0.0,2615,0.7
15,55,27909.4037,0.3326,-0.0,2616,0.7
15,56,28059.2508,0.3272,0.0,2616,0.7
15,57,27516.8453,0.3181,0.0,2612,0.7
15,58,26986.9981,0.3415,0.0,2615,0.7
15,59,26404.4427,0.3301,0.0,2611,0.7
16,0,31707.3451,0.3902,-0.0,2614,0.7
16,1,30389.9732,0.31,0.0,2613,0.7
16,2,29177.5057,0.3221,-0.0,2614,0.7
16,3,30321.6061,0.3442,0.0,2615,0.7
16,4,29983.5375,0.3235,-0.0,2612,0.7
16,5,29567.3921,0.3104,-0.0,2619,0.7
16,6,30475.6984,0.3268,0.0,2613,0.7
16,7,30471.8714,0.331,0.0,2613,0.7
16,8,28853.0987,0.3183,0.0,2614,0.7
16,9,28691.0694,0.3289,0.0,2609,0.7
16,10,31214.2857,0.3174,0.0,2618,0.7
16,11,29081.2572,0.3365,-0.0,2609,0.7
16,12,28290.3596,0.3229,-0.0,2614,0.7
16,13,28408.1711,0.3123,0.0,2619,0.7
16,14,28361.4826,0.3286,0.0001,2617,0.7
16,15,30196.1009,0.3482,-0.0,2616,0.7
16,16,30368.3607,0.3317,-0.0,2617,0.7
16,17,30967.5076,0.3211,0.0,2616,0.7
16,18,29443.4683,0.317,-0.0001,2618,0.7
16,19,29344.8276,0.3165,0.0,2610,0.7
16,20,29359.2196,0.3405,-0.0,2614,0.7
16,21,29167.1138,0.3204,-0.0,2609,0.7
16,22,28367.4952,0.3304,-0.0,2615,0.7
16,23,29675.8515,0.341,0.0,2613,0.7
16,24,28041.3318,0.3257,0.0,2613,0.7
16,25,29160.9943,0.3453,0.0,2615,0.7
16,26,29111.2811,0.3197,-0.0,2615,0.7
16,27,28158.3174,0.3136,0.0,2615,0.7
16,28,28675.6032,0.3428,0.0,2611,0.7
16,29,26927.7523,0.3242,-0.0,2616,0.7
16,30,31389.8889,0.355,-0.0,2611,0.7
16,31,30514.1437,0.2989,0.0,2616,0.7
16,32,30381.7348,0.3229,0.0,2617,0.7
16,33,28927.9693,0.3138,-0.0,2610,0.7
16,34,29248.3735,0.3203,0.0,2613,0.7
16,35,30238.9144,0.3372,-0.0,2616,0.7
16,36,29704.2846,0.3106,0.0,2614,0.7
16,37,29230.9751,0.3258,-0.0,2615,0.7
16,38,27802.0674,0.3193,0.0,2612,0.7
16,39,27522.1543,0.322,0.0,2618,0.7
16,40,27543.1957,0.3444,0.0,2616,0.7
16,41,28282.8746,0.3257,0.0,2616,0.7
16,42,28266.1568,0.3377,-0.0,2615,0.7
16,43,27636.0856,0.3356,-0.0,2616,0.7
16,44,27525.6705,0.3245,0.0,2610,0.7
16,45,29701.4925,0.3471,-0.0,2613,0.7
16,46,29622.9947,0.3235,0.0,2618,0.7
16,47,29754.5802,0.334,0.0,2620,0.7
16,48,29381.846,0.3175,0.0,2611,0.7
16,49,29255.6362,0.321,-0.0,2617,0.7
16,50,29210.6269,0.3272,0.0,2616,0.7
16,51,29083.3015,0.321,-0.0,2617,0.7
16,52,28727.5163,0.331,0.0,2613,0.7
16,53,28744.559,0.3288,0.0,2619,0.7
16,54,28496.9349,0.3215,-0.0,2610,0.7
16,55,28492.1726,0.3265,0.0,2619,0.7
16,56,28576.5111,0.3347,-0.0,2614,0.7
16,57,27857.362,0.334,-0.0,2608,0.7
16,58,26800.4587,0.3142,0.0,2616,0.7
16,59,27795.9418,0.3273,0.0001,2612,0.7
17,0,33700.5736,0.4203,0.0,2615,0.6
17,1,34112.2995,0.3816,-0.0,2618,0.6
17,2,34367.6752,0.3826,-0.0,2611,0.6
17,3,34479.342,0.3657,0.0001,2614,0.6
17,4,33382.522,0.3703,-0.0,2609,0.6
17,5,33356.8147,0.3645,-0.0,2612,0.6
17,6,33201.2242,0.3822,0.0,2614,0.6
17,7,32339.977,0.3637,0.0,2609,0.6
17,8,31684.7743,0.3592,0.0,2614,0.6
17,9,32009.5785,0.3816,0.0,2610,0.6
17,10,32861.8446,0.3812,0.0,2613,0.6
17,11,31764.8411,0.3761,-0.0,2611,0.6
17,12,32112.1316,0.3827,0.0,2613,0.6
17,13,31221.8822,0.35,0.0,2614,0.6
17,14,30340.8742,0.3662,0.0001,2608,0.6
17,15,32120.0153,0.4041,-0.0,2608,0.6
17,16,32096.5147,0.3638,-0.0,2611,0.6
17,17,32025.2487,0.373,-0.0,2614,0.6
17,18,31662.3327,0.3553,0.0,2615,0.6
17,19,30671.3903,0.3792,0.0,2611,0.6
17,20,31677.271,0.3687,-0.0,2609,0.6
17,21,30725.7077,0.3573,-0.0,2614,0.6
17,22,31667.6888,0.3733,-0.0,2609,0.6
17,23,31378.3991,0.3811,-0.0,2611,0.6
17,24,31342.2767,0.3634,-0.0,2609,0.6
17,25,31324.0245,0.3665,0.0,2614,0.6
17,26,31346.2423,0.385,0.0,2608,0.6
17,27,30912.2941,0.3864,-0.0,2611,0.6
17,28,29406.9678,0.374,0.0,2612,0.6
17,29,29085.5718,0.3619,0.0,2606,0.6
17,30,32660.023,0.4082,0.0,2609,0.6
17,31,32807.3535,0.3646,-0.0,2611,0.6
17,32,31707.2331,0.3697,-0.0,2613,0.6
17,33,31166.3473,0.3538,-0.0,2609,0.6
17,34,31197.7812,0.381,-0.0,2614,0.6
17,35,30892.8845,0.3657,-0.0,2614,0.6
17,36,31053.2363,0.3654,-0.0,2611,0.6
17,37,31556.6616,0.379,-0.0,2612,0.6
17,38,30884.3355,0.3654,-0.0,2611,0.6
17,39,29950.9766,0.3646,-0.0,2611,0.6
17,40,31135.7883,0.3748,-0.0,2607,0.6
17,41,31298.3129,0.3815,0.0,2608,0.6
17,42,30025.6902,0.3635,0.0,2608,0.6
17,43,29891.6539,0.3767,-0.0,2612,0.6
17,44,29354.1587,0.3714,-0.0001,2609,0.6
17,45,32544.4444,0.3912,0.0,2610,0.6
17,46,32265.6968,0.3706,-0.0,2612,0.6
17,47,31586.9732,0.369,0.0,2610,0.6
17,48,30956.372,0.344,-0.0,2613,0.6
17,49,30557.6408,0.3707,0.0,2611,0.6
17,50,30927.9693,0.3877,0.0,2610,0.6
17,51,30192.2783,0.3654,-0.0,2616,0.6
17,52,29548.202,0.3527,-0.0,2614,0.6
17,53,29407.2658,0.379,-0.0,2615,0.6
17,54,29715.4347,0.3623,0.0,2611,0.6
17,55,30572.4112,0.3752,-0.0,2617,0.6
17,56,30485.4629,0.3753,0.0,2614,0.6
17,57,30187.9066,0.3762,0.0,2613,0.6
17,58,29543.578,0.3872,-0.0,2616,0.6
17,59,29203.3704,0.3773,0.0001,2611,0.6
18,0,34812.7627,0.407,0.0,2617,0.6
18,1,33331.4176,0.372,0.0,2610,0.6
18,2,32563.0027,0.3642,-0.0,2611,0.6
18,3,32516.2773,0.3696,-0.0,2611,0.6
18,4,31776.7994,0.3641,0.0,2612,0.6
18,5,33525.8126,0.3782,-0.0001,2615,0.6
18,6,32513.3997,0.3564,-0.0,2612,0.6
18,7,32384.0857,0.3454,-0.0,2614,0.6
18,8,30915.7411,0.3589,-0.0,2611,0.6
18,9,30646.4956,0.3673,0.0,2611,0.6
18,10,31589.1354,0.3914,-0.0001,2614,0.6
18,11,31202.0666,0.3655,0.0,2613,0.6
18,12,31232.1224,0.3755,-0.0,2615,0.6
18,13,30919.4785,0.3551,-0.0,2608,0.6
18,14,31123.4709,0.3696,0.0,2616,0.6
18,15,32836.3914,0.4014,0.0001,2616,0.6
18,16,33147.4531,0.3941,0.0,2611,0.6
18,17,32972.0414,0.3554,-0.0,2611,0.6
18,18,32103.911,0.3723,-0.0,2608,0.6
18,19,31309.4874,0.3653,0.0,2614,0.6
18,20,31437.1898,0.3677,-0.0001,2619,0.6
18,21,31054.7054,0.3646,0.0,2614,0.6
18,22,30860.8031,0.3598,-0.0,2615,0.6
18,23,30300.0,0.3663,0.0,2610,0.6
18,24,30865.7461,0.3767,-0.0,2607,0.6
18,25,31347.7595,0.3834,0.0,2611,0.6
18,26,30917.6245,0.3494,-0.0,2610,0.6
18,27,31607.2797,0.3839,0.0,2610,0.6
18,28,30499.0432,0.3728,-0.0,2613,0.6
18,29,29422.3841,0.3645,0.0,2609,0.6
18,30,33010.7239,0.3964,-0.0,2611,0.6
18,31,33519.7242,0.3612,0.0,2611,0.6
18,32,31882.1729,0.3699,-0.0,2614,0.6
18,33,31492.3489,0.3764,0.0,2614,0.6
18,34,30611.005,0.3596,0.0,2617,0.6
18,35,31710.848,0.3877,0.0,2618,0.6
18,36,31075.746,0.3577,-0.0001,2614,0.6
18,37,30439.51,0.3538,0.0,2612,0.6
18,38,30631.74,0.3946,0.0,2615,0.6
18,39,30686.4245,0.3732,0.0,2615,0.6
18,40,31303.2505,0.3759,-0.0,2615,0.6
18,41,31294.5677,0.3768,0.0,2614,0.6
18,42,30509.7514,0.374,0.0,2615,0.6
18,43,29927.4255,0.3556,-0.0,2618,0.6
18,44,29443.8912,0.3742,0.0,2611,0.6
18,45,31552.712,0.3839,0.0,2618,0.6
18,46,31668.3244,0.3539,-0.0,2614,0.6
18,47,31190.8777,0.3603,0.0,2609,0.6
18,48,31010.3369,0.3626,0.0,2612,0.6
18,49,30488.7016,0.3746,0.0,2611,0.6
18,50,30862.3327,0.3725,0.0,2615,0.6
18,51,31055.4705,0.3615,-0.0,2614,0.6
18,52,30692.6904,0.3609,0.0,2613,0.6
18,53,30021.4149,0.3683,0.0,2615,0.6
18,54,29640.2602,0.3682,0.0,2613,0.6
18,55,29496.7495,0.3526,-0.0,2615,0.6
18,56,30217.8066,0.3771,0.0,2617,0.6
18,57,29964.0123,0.3733,-0.0,2612,0.6
18,58,28607.3479,0.372,0.0,2613,0.6
18,59,28439.4636,0.3927,0.0,2610,0.6
19,0,33391.8196,0.414,0.0,2616,0.6
19,1,33478.2277,0.3762,-0.0,2618,0.6
19,2,32860.2068,0.3681,0.0,2611,0.6
19,3,32728.5605,0.3629,-0.0,2612,0.6
19,4,31774.8092,0.3672,0.0,2620,0.6
19,5,32653.0222,0.3845,-0.0,2614,0.6
19,6,33241.9602,0.3599,-0.0,2612,0.6
19,7,32326.2114,0.3636,-0.0,2621,0.6
19,8,32297.0904,0.3691,-0.0,2612,0.6
19,9,32099.3125,0.3564,-0.0,2618,0.6
19,10,31687.0696,0.3573,0.0,2614,0.6
19,11,31803.749,0.373,-0.0,2614,0.6
19,12,31696.5517,0.3759,-0.0001,2610,0.6
19,13,31472.4349,0.3652,0.0,2612,0.6
19,14,30061.974,0.3673,0.0,2614,0.6
19,15,32478.211,0.3834,-0.0,2616,0.6
19,16,32205.0497,0.3619,-0.0,2614,0.6
19,17,31912.3948,0.3711,-0.0,2614,0.6
19,18,30898.7003,0.3597,0.0,2616,0.6
19,19,31561.974,0.3753,0.0,2614,0.6
19,20,32102.1814,0.38,0.0,2613,0.6
19,21,31595.1108,0.3602,-0.0,2618,0.6
19,22,31073.0681,0.3826,-0.0,2614,0.6
19,23,31093.6902,0.3736,0.0,2615,0.6
19,24,30987.7676,0.3651,-0.0,2616,0.6
19,25,30827.0992,0.3656,0.0,2620,0.6
19,26,30183.104,0.3532,0.0,2616,0.6
19,27,29063.5528,0.371,0.0,2612,0.6
19,28,28433.652,0.369,-0.0,2615,0.6
19,29,29226.0038,0.3736,0.0001,2615,0.6
19,30,32947.3081,0.4101,-0.0,2619,0.6
19,31,32635.2851,0.3789,-0.0,2613,0.6
19,32,31691.5138,0.3482,-0.0,2616,0.6
19,33,32180.6723,0.3709,0.0,2618,0.6
19,34,32022.5621,0.3556,0.0,2615,0.6
19,35,32459.8624,0.3907,0.0,2616,0.6
19,36,30698.5097,0.3477,-0.0,2617,0.6
19,37,30104.3578,0.3547,0.0,2616,0.6
19,38,30436.2801,0.3724,-0.0,2613,0.6
19,39,29926.2514,0.3668,-0.0,2617,0.6
19,40,31026.3963,0.3757,0.0,2614,0.6
19,41,31253.6398,0.3743,0.0,2610,0.6
19,42,29787.7629,0.3629,0.0,2615,0.6
19,43,29259.6855,0.3713,-0.0,2607,0.6
19,44,28216.6922,0.3557,-0.0,2612,0.6
19,45,30715.5963,0.3807,0.0,2616,0.6
19,46,30606.3504,0.3749,-0.0,2614,0.6
19,47,30605.8171,0.362,0.0,2613,0.6
19,48,30212.0168,0.3617,0.0,2613,0.6
19,49,29773.2314,0.3618,-0.0,2615,0.6
19,50,30492.5373,0.3594,0.0,2613,0.6
19,51,31116.5902,0.367,-0.0,2616,0.6
19,52,29540.5819,0.371,0.0,2612,0.6
19,53,29771.4941,0.3401,0.0,2617,0.6
19,54,29045.9418,0.3737,-0.0,2612,0.6
19,55,29500.9546,0.3643,-0.0,2619,0.6
19,56,28804.7382,0.3477,-0.0,2617,0.6
19,57,28481.8494,0.3649,-0.0,2617,0.6
19,58,28613.9144,0.3777,-0.0,2616,0.6
19,59,28754.7746,0.3789,0.0,2618,0.6
20,0,32988.9228,0.4465,-0.0,2618,0.5
20,1,34032.8872,0.3981,0.0,2615,0.5
20,2,32730.7839,0.3901,0.0,2615,0.5
20,3,32537.2564,0.4135,0.0,2617,0.5
20,4,31381.6794,0.4118,0.0,2620,0.5
20,5,32214.7497,0.4196,0.0,2617,0.5
20,6,31962.8921,0.4024,-0.0,2614,0.5
20,7,30935.4469,0.3965,0.0,2618,0.5
20,8,29757.6453,0.4037,-0.0,2616,0.5
20,9,30694.3065,0.3985,0.0,2617,0.5
20,10,30829.4455,0.4138,-0.0,2615,0.5
20,11,29940.0306,0.3927,0.0,2618,0.5
20,12,30586.5495,0.4177,-0.0,2617,0.5
20,13,29422.6213,0.389,0.0,2617,0.5
20,14,29317.6426,0.4152,0.0,2613,0.5
20,15,31141.8196,0.4377,0.0,2616,0.5
20,16,31831.1688,0.4121,-0.0,2618,0.5
20,17,30424.196,0.415,0.0,2612,0.5
20,18,30290.631,0.3916,-0.0,2615,0.5
20,19,29820.0229,0.4016,-0.0,2617,0.5
20,20,31273.2491,0.4179,-0.0,2613,0.5
20,21,30876.1941,0.4077,-0.0,2617,0.5
20,22,29969.8473,0.4092,0.0,2620,0.5
20,23,29738.4321,0.4191,0.0,2615,0.5
20,24,29788.4689,0.4135,-0.0,2619,0.5
20,25,30830.8515,0.4139,-0.0,2619,0.5
20,26,30708.7639,0.3957,-0.0,2613,0.5
20,27,30047.0183,0.3976,0.0,2616,0.5
20,28,29436.0643,0.41,0.0,2612,0.5
20,29,29974.7513,0.4135,0.0,2614,0.5
20,30,32404.2065,0.4405,-0.0,2615,0.5
20,31,32353.0987,0.3967,0.0,2614,0.5
20,32,31033.9824,0.4055,0.0,2619,0.5
20,33,30684.6537,0.3793,-0.0,2613,0.5
20,34,30374.0458,0.371,0.0,2620,0.5
20,35,31919.0222,0.4125,-0.0,2618,0.5
20,36,31355.2581,0.3992,0.0,2615,0.5
20,37,31393.8931,0.3966,-0.0,2620,0.5
20,38,31207.1074,0.3989,0.0,2617,0.5
20,39,30488.5321,0.3964,0.0,2616,0.5
20,40,30526.7994,0.4085,0.0,2612,0.5
20,41,30742.6386,0.3912,0.0,2615,0.5
20,42,29970.1264,0.4037,0.0,2611,0.5
20,43,30715.4876,0.3897,0.0,2615,0.5
20,44,30076.4818,0.4076,0.0001,2615,0.5
20,45,32229.9158,0.4426,0.0,2614,0.5
20,46,32158.6391,0.4002,0.0,2616,0.5
20,47,30338.438,0.3867,-0.0001,2612,0.5
20,48,30623.6148,0.4108,0.0,2617,0.5
20,49,30143.951,0.4054,0.0,2612,0.5
20,50,31093.415,0.3962,0.0,2612,0.5
20,51,30915.1376,0.3849,0.0,2616,0.5
20,52,30635.7388,0.3868,0.0,2619,0.5
20,53,30423.8715,0.4032,0.0,2614,0.5
20,54,29938.3142,0.4188,-0.0,2610,0.5
20,55,30461.3323,0.4005,0.0,2612,0.5
20,56,30683.9893,0.4142,0.0,2617,0.5
20,57,29880.6427,0.3975,0.0,2614,0.5
20,58,29380.4971,0.4149,0.0,2615,0.5
20,59,28991.5902,0.4186,0.0,2616,0.5
21,0,37169.5951,0.4607,0.0,2618,0.5
21,1,37653.5373,0.4157,0.0,2615,0.5
21,2,36298.2389,0.41,-0.0,2612,0.5
21,3,35566.7815,0.3869,0.0,2613,0.5
21,4,35102.2597,0.4044,-0.0,2611,0.5
21,5,36106.5292,0.4112,-0.0,2619,0.5
21,6,34505.3558,0.4078,0.0,2614,0.5
21,7,34050.8604,0.405,-0.0,2615,0.5
21,8,32643.7572,0.3944,0.0,2619,0.5
21,9,33191.8227,0.4108,0.0,2617,0.5
21,10,33816.896,0.3995,0.0,2616,0.5
21,11,34556.5317,0.3869,-0.0,2618,0.5
21,12,32677.8754,0.3959,-0.0,2617,0.5
21,13,32465.4184,0.3917,0.0,2617,0.5
21,14,31403.5892,0.4143,0.0001,2619,0.5
21,15,36159.0214,0.4388,-0.0,2616,0.5
21,16,35674.1788,0.3908,0.0,2618,0.5
21,17,34340.8656,0.388,-0.0,2611,0.5
21,18,33629.0076,0.3981,-0.0,2620,0.5
21,19,32725.1908,0.4187,0.0,2620,0.5
21,20,33524.3202,0.4178,0.0,2611,0.5
21,21,33303.9664,0.4081,0.0,2622,0.5
21,22,32917.4943,0.4248,-0.0,2618,0.5
21,23,33573.124,0.4047,0.0,2612,0.5
21,24,32490.6453,0.3944,-0.0,2619,0.5
21,25,33355.861,0.4112,-0.0,2619,0.5
21,26,32756.3956,0.3994,-0.0,2619,0.5
21,27,31431.0806,0.3837,-0.0,2619,0.5
21,28,30550.0765,0.3884,-0.0,2616,0.5
21,29,32358.5627,0.4163,0.0001,2616,0.5
21,30,49022.5191,0.4637,0.0,2620,0.5
21,31,41231.1807,0.3886,0.0,2617,0.5
21,32,40090.2486,0.4084,0.0,2615,0.5
21,33,37465.0096,0.3862,-0.0,2615,0.5
21,34,35770.4354,0.39,-0.0,2618,0.5
21,35,36602.2163,0.4073,0.0,2617,0.5
21,36,35462.156,0.3956,-0.0,2616,0.5
21,37,34246.6539,0.4122,-0.0,2615,0.5
21,38,34185.7088,0.4012,0.0,2617,0.5
21,39,34043.1792,0.4016,0.0,2617,0.5
21,40,35542.7807,0.4141,0.0,2618,0.5
21,41,34857.8544,0.4149,-0.0,2610,0.5
21,42,34539.7858,0.3875,0.0,2614,0.5
21,43,33697.5945,0.4055,-0.0,2619,0.5
21,44,31655.5937,0.3868,0.0,2619,0.5
21,45,35795.9496,0.4238,-0.0,2617,0.5
21,46,35563.17,0.4112,0.0,2612,0.5
21,47,35196.715,0.3988,0.0,2618,0.5
21,48,34840.9786,0.4136,0.0,2616,0.5
21,49,33730.6809,0.3963,0.0,2614,0.5
21,50,34848.6817,0.4115,0.0,2617,0.5
21,51,34193.9672,0.3906,-0.0,2619,0.5
21,52,32875.6695,0.3841,-0.0,2614,0.5
21,53,32425.841,0.4067,-0.0,2616,0.5
21,54,32697.479,0.4022,-0.0001,2618,0.5
21,55,32928.1071,0.4134,0.0,2615,0.5
21,56,33734.7095,0.4174,0.0,2616,0.5
21,57,32970.5995,0.3944,0.0,2619,0.5
21,58,31665.6453,0.4201,-0.0,2611,0.5
21,59,31429.5559,0.402,0.0001,2612,0.5
22,0,37289.5945,0.4522,0.0,2614,0.5
22,1,36505.3599,0.4116,0.0,2612,0.5
22,2,35760.8279,0.4036,-0.0,2609,0.5
22,3,36336.3949,0.3999,-0.0,2613,0.5
22,4,34858.4545,0.3948,0.0,2614,0.5
22,5,36109.7934,0.4155,-0.0,2614,0.5
22,6,35945.2527,0.4096,0.0,2612,0.5
22,7,33931.14,0.4009,-0.0,2614,0.5
22,8,33534.8125,0.4166,0.0,2614,0.5
22,9,33242.737,0.4098,0.0,2616,0.5
22,10,34875.2869,0.4216,0.0,2614,0.5
22,11,34741.3925,0.3986,0.0,2614,0.5
22,12,34201.8349,0.4029,-0.0,2616,0.5
22,13,34351.1859,0.3925,0.0,2614,0.5
22,14,33471.6909,0.4078,0.0001,2614,0.5
22,15,36870.0306,0.4388,-0.0001,2616,0.5
22,16,35706.8043,0.3846,-0.0,2616,0.5
22,17,34619.3204,0.3887,0.0,2619,0.5
22,18,34730.1527,0.4008,0.0,2620,0.5
22,19,34041.316,0.4086,0.0,2614,0.5
22,20,36574.4843,0.4053,0.0,2618,0.5
22,21,36949.9618,0.4179,-0.0001,2618,0.5
22,22,35025.6508,0.3917,-0.0,2612,0.5
22,23,35377.9648,0.4055,0.0,2614,0.5
22,24,33836.0781,0.3949,0.0,2611,0.5
22,25,35324.407,0.4051,-0.0,2614,0.5
22,26,33850.0956,0.4046,-0.0,2615,0.5
22,27,33524.101,0.4109,-0.0,2614,0.5
22,28,34035.2896,0.389,0.0,2607,0.5
22,29,33100.9174,0.4128,0.0001,2616,0.5
22,30,45682.9828,0.46,0.0,2615,0.5
22,31,47898.6616,0.3977,-0.0,2615,0.5
22,32,45517.4263,0.4083,0.0,2611,0.5
22,33,43026.0038,0.3901,-0.0,2615,0.5
22,34,41388.2083,0.3882,-0.0,2612,0.5
22,35,42326.0703,0.3964,-0.0,2616,0.5
22,36,41521.9549,0.3891,-0.0,2619,0.5
22,37,40377.8203,0.3832,0.0,2615,0.5
22,38,39398.1658,0.3878,-0.0,2617,0.5
22,39,39038.6677,0.4035,-0.0,2612,0.5
22,40,41779.648,0.4231,0.0,2614,0.5
22,41,41464.4767,0.4045,0.0,2618,0.5
22,42,40604.5889,0.4065,-0.0,2615,0.5
22,43,39817.1385,0.4002,-0.0,2614,0.5
22,44,39124.5701,0.4169,0.0,2617,0.5
22,45,43042.8298,0.4287,-0.0,2615,0.5
22,46,41591.5709,0.4054,-0.0,2610,0.5
22,47,39544.759,0.4009,-0.0,2614,0.5
22,48,38775.2294,0.4014,-0.0,2616,0.5
22,49,37906.6207,0.3854,-0.0,2613,0.5
22,50,40186.3758,0.4007,-0.0,2613,0.5
22,51,40604.66,0.4018,-0.0,2618,0.5
22,52,39425.7842,0.4055,-0.0,2614,0.5
22,53,39539.0805,0.4019,-0.0,2610,0.5
22,54,41358.945,0.4037,-0.0,2616,0.5
22,55,41763.4902,0.4168,-0.0,2613,0.5
22,56,42077.7182,0.397,0.0,2612,0.5
22,57,39846.036,0.4228,0.0001,2611,0.5
22,58,45006.5034,0.4155,-0.0,2614,0.5
22,59,36407.1948,0.3873,0.0001,2613,0.5
23,0,45657.4924,0.4637,0.0,2616,0.5
23,1,45762.634,0.4181,-0.0,2612,0.5
23,2,43405.581,0.396,-0.0,2616,0.5
23,3,42208.9552,0.3949,0.0,2613,0.5
23,4,41500.5745,0.4087,-0.0,2611,0.5
23,5,41769.5835,0.405,0.0,2617,0.5
23,6,40871.7458,0.3901,0.0,2612,0.5
23,7,40490.631,0.3973,-0.0,2615,0.5
23,8,42558.2728,0.4066,-0.0,2617,0.5
23,9,39622.8943,0.3955,-0.0,2612,0.5
23,10,40224.5601,0.4074,-0.0,2614,0.5
23,11,40500.7657,0.4028,0.0,2612,0.5
23,12,39856.9243,0.3975,0.0,2614,0.5
23,13,38380.5513,0.4112,-0.0,2612,0.5
23,14,39429.0088,0.3965,0.0,2613,0.5
23,15,42034.8525,0.4309,-0.0,2611,0.5
23,16,42249.3308,0.4298,-0.0,2615,0.5
23,17,40681.853,0.4051,0.0,2612,0.5
23,18,38716.4179,0.4083,-0.0,2613,0.5
23,19,38967.4579,0.3993,-0.0,2612,0.5
23,20,41579.2496,0.423,0.0,2612,0.5
23,21,40585.086,0.4038,-0.0,2615,0.5
23,22,37883.9252,0.4089,-0.0,2619,0.5
23,23,37877.2936,0.4178,0.0,2616,0.5
23,24,38785.086,0.4161,0.0,2615,0.5
23,25,40101.7598,0.4258,-0.0,2614,0.5
23,26,39340.4662,0.3951,-0.0,2617,0.5
23,27,37509.1743,0.4018,0.0,2616,0.5
23,28,37739.2134,0.4066,0.0,2619,0.5
23,29,36641.4083,0.4179,0.0001,2613,0.5
23,30,44140.8882,0.4437,-0.0,2612,0.5
23,31,45934.8659,0.4077,-0.0,2610,0.5
23,32,45257.657,0.4054,-0.0,2612,0.5
23,33,45113.6625,0.4026,0.0,2613,0.5
23,34,42288.5057,0.4023,0.0,2610,0.5
23,35,47470.7457,0.4153,-0.0,2615,0.5
23,36,43771.1767,0.4209,-0.0,2609,0.5
23,37,41694.37,0.3884,-0.0,2611,0.5
23,38,40665.0038,0.4021,0.0,2606,0.5
23,39,40787.4952,0.417,-0.0,2607,0.5
23,40,42798.7758,0.4231,0.0,2614,0.5
23,41,42715.5436,0.4066,-0.0,2612,0.5
23,42,42660.4063,0.4078,-0.0,2609,0.5
23,43,41255.2622,0.3927,-0.0,2613,0.5
23,44,39777.6074,0.4011,0.0,2608,0.5
23,45,44501.5361,0.4435,-0.0,2604,0.5
23,46,44001.1477,0.3994,-0.0,2614,0.5
23,47,43555.0019,0.3959,-0.0,2609,0.5
23,48,41845.8301,0.3963,-0.0,2614,0.5
23,49,40088.0889,0.4006,-0.0,2611,0.5
23,50,41643.295,0.3985,-0.0,2610,0.5
23,51,40583.7486,0.4028,-0.0001,2609,0.5
23,52,39603.2172,0.3953,-0.0,2611,0.5
23,53,37412.3948,0.3944,-0.0,2614,0.5
23,54,38249.232,0.3948,0.0,2604,0.5
23,55,40346.9778,0.4116,0.0,2614,0.5
23,56,39480.2758,0.4182,-0.0,2611,0.5
23,57,39152.0154,0.4081,-0.0,2605,0.5
23,58,37993.1087,0.402,0.0,2612,0.5
23,59,38160.9812,0.4258,0.0001,2609,0.5
