hour,minute,volatility,success,next_return,target
0,0,47351.072,0.4969,-0.0,2612
0,1,46227.7607,0.3995,0.0,2608
0,2,45558.2375,0.413,-0.0,2610
0,3,43393.5558,0.4024,-0.0,2607
0,4,42087.1067,0.4045,-0.0,2606
0,5,44506.7076,0.4216,0.0,2609
0,6,44002.298,0.432,-0.0001,2611
0,7,42164.6879,0.4014,-0.0,2611
0,8,41286.8098,0.4061,-0.0,2608
0,9,39785.8787,0.4006,0.0,2606
0,10,42078.1609,0.4379,0.0,2610
0,11,41167.6256,0.4154,0.0001,2607
0,12,40969.3487,0.4253,-0.0,2610
0,13,40822.2903,0.4006,-0.0,2611
0,14,38295.0883,0.4029,0.0,2606
0,15,43548.04,0.4362,0.0,2602
0,16,43200.4599,0.4247,0.0,2609
0,17,41903.3372,0.4001,-0.0,2607
0,18,40946.2366,0.3852,-0.0,2604
0,19,39238.8804,0.4049,0.0,2608
0,20,40539.64,0.4167,0.0,2611
0,21,39667.8201,0.4106,-0.0,2601
0,22,39952.0522,0.4058,0.0,2607
0,23,39714.505,0.4171,0.0,2606
0,24,38255.0825,0.4058,-0.0,2607
0,25,39368.6229,0.412,-0.0,2607
0,26,39058.6656,0.4084,0.0,2608
0,27,38530.6748,0.4038,0.0,2608
0,28,37298.4615,0.4073,-0.0,2600
0,29,37403.6098,0.4167,0.0,2604
0,30,42278.3742,0.436,-0.0,2608
0,31,42411.2006,0.4158,-0.0,2607
0,32,41398.0061,0.4149,0.0,2608
0,33,40359.417,0.4193,0.0,2607
0,34,40081.1639,0.4257,0.0,2612
0,35,42430.8756,0.4194,0.0,2604
0,36,41194.9348,0.4148,-0.0,2606
0,37,39788.1811,0.4071,-0.0,2606
0,38,38800.9969,0.3938,-0.0,2608
0,39,38895.6655,0.402,0.0,2607
0,40,39760.5364,0.4307,0.0,2610
0,41,38453.2209,0.3999,-0.0,2608
0,42,39175.1152,0.4151,-0.0,2604
0,43,37463.5736,0.4068,0.0,2608
0,44,35993.4841,0.3921,0.0001,2609
0,45,41112.9835,0.4336,-0.0,2611
0,46,40865.1341,0.4088,-0.0,2610
0,47,40035.6869,0.4156,-0.0,2606
0,48,38386.7382,0.4025,0.0,2609
0,49,36576.6871,0.4064,0.0,2608
0,50,38031.8496,0.4163,-0.0,2606
0,51,38261.2026,0.3987,0.0,2611
0,52,38281.5013,0.4075,-0.0,2611
0,53,37302.798,0.4082,0.0,2609
0,54,36929.6965,0.4041,0.0,2603
0,55,37725.3926,0.4236,-0.0,2611
0,56,36608.5123,0.4133,0.0001,2608
0,57,36259.2734,0.4176,0.0,2615
0,58,35861.0792,0.4286,0.0,2613
0,59,35952.8736,0.4126,0.0001,2610
1,0,46035.5913,0.496,0.0,2613
1,1,46015.7148,0.4166,0.0,2609
1,2,47580.6452,0.4286,0.0,2604
1,3,47244.2485,0.4007,0.0,2608
1,4,44450.9202,0.3926,-0.0,2608
1,5,47410.7486,0.4134,0.0,2605
1,6,44598.4674,0.4027,-0.0,2610
1,7,43049.8849,0.3914,-0.0,2606
1,8,40392.1043,0.3898,-0.0,2609
1,9,41107.1429,0.4025,-0.0,2604
1,10,41774.7506,0.4233,0.0,2606
1,11,41559.7388,0.4176,-0.0,2603
1,12,41384.6449,0.4104,0.0,2605
1,13,39953.5152,0.4084,0.0,2603
1,14,38567.3704,0.4077,0.0,2605
1,15,41890.8046,0.4364,-0.0001,2610
1,16,42439.632,0.3936,-0.0,2609
1,17,41035.3167,0.3916,0.0,2605
1,18,40993.0902,0.4415,-0.0,2605
1,19,39588.0998,0.4031,0.0,2605
1,20,41578.3225,0.4102,-0.0,2611
1,21,40039.9693,0.407,-0.0,2602
1,22,39559.4781,0.4091,0.0,2606
1,23,39173.5791,0.4178,0.0,2604
1,24,37611.2817,0.4064,0.0,2606
1,25,39647.6008,0.4226,-0.0,2605
1,26,38412.8933,0.4091,-0.0,2606
1,27,36970.8477,0.4131,0.0,2607
1,28,36897.1604,0.4125,-0.0,2606
1,29,36732.8215,0.4219,0.0,2605
1,30,41309.9348,0.4503,-0.0,2607
1,31,40656.5618,0.4148,-0.0001,2606
1,32,39509.4122,0.3899,0.0,2603
1,33,39021.8894,0.4101,-0.0,2604
1,34,38427.6947,0.4077,-0.0,2607
1,35,41070.6063,0.4321,-0.0,2606
1,36,39832.2432,0.404,-0.0001,2599
1,37,38615.4734,0.4015,-0.0,2598
1,38,38785.3303,0.4136,0.0,2604
1,39,37001.5302,0.4047,0.0,2614
1,40,38098.6186,0.4179,-0.0,2606
1,41,38357.6923,0.4038,-0.0,2600
1,42,36628.3186,0.4055,-0.0,2599
1,43,36544.6154,0.4,0.0,2600
1,44,35479.831,0.4195,0.0001,2603
1,45,38860.7595,0.4553,-0.0,2607
1,46,39942.4405,0.4048,0.0,2606
1,47,38938.8226,0.4078,-0.0,2599
1,48,37574.1737,0.382,-0.0,2602
1,49,36010.3607,0.3772,0.0,2606
1,50,37641.8997,0.4152,0.0,2611
1,51,37241.0885,0.4082,-0.0,2609
1,52,36306.4206,0.4091,-0.0,2601
1,53,35621.58,0.4239,0.0,2595
1,54,34845.092,0.4011,0.0,2608
1,55,36069.4818,0.4015,0.0,2605
1,56,35357.7487,0.4117,0.0,2594
1,57,34111.9661,0.3913,-0.0,2599
1,58,33869.4648,0.4209,0.0,2597
1,59,33609.363,0.4202,-0.0,2606
2,0,40504.6012,0.4444,0.0,2608
2,1,40027.4555,0.3998,-0.0,2586
2,2,38937.7417,0.3844,-0.0001,2586
2,3,39065.9977,0.411,0.0,2591
2,4,37385.211,0.4115,-0.0,2583
2,5,38955.5126,0.4023,-0.0,2585
2,6,39264.6261,0.4068,-0.0,2581
2,7,37132.8155,0.3907,-0.0,2575
2,8,37130.0623,0.419,-0.0,2568
2,9,37291.5531,0.3896,-0.0,2569
2,10,37965.7588,0.4195,-0.0,2570
2,11,36679.0842,0.4028,0.0,2577
2,12,36499.0231,0.4131,-0.0,2559
2,13,35574.7082,0.3872,0.0,2570
2,14,35426.3506,0.4127,0.0,2573
2,15,39067.6253,0.4516,-0.0,2573
2,16,38545.1011,0.3954,0.0,2572
2,17,37466.2005,0.4052,0.0,2574
2,18,36297.8641,0.4031,-0.0,2575
2,19,35457.6863,0.3936,-0.0,2576
2,20,37135.6921,0.418,0.0,2572
2,21,35820.9828,0.3955,0.0,2564
2,22,35710.1562,0.4043,-0.0,2560
2,23,35411.1932,0.3956,0.0,2573
2,24,34007.776,0.4047,0.0,2572
2,25,35689.8833,0.4086,0.0,2570
2,26,35992.977,0.3999,-0.0,2563
2,27,34843.1677,0.3863,-0.0,2576
2,28,35380.0781,0.4023,-0.0,2560
2,29,33949.3177,0.3813,0.0,2565
2,30,38715.6711,0.4352,-0.0,2578
2,31,38977.0428,0.393,-0.0,2570
2,32,37414.1021,0.411,0.0,2567
2,33,36058.8235,0.4044,-0.0,2567
2,34,35307.393,0.3821,-0.0,2570
2,35,36152.74,0.4046,0.0,2573
2,36,37124.9512,0.3995,-0.0,2561
2,37,36230.5296,0.3886,0.0,2568
2,38,35271.0608,0.4103,-0.0,2564
2,39,34682.0673,0.4041,0.0,2554
2,40,36044.1406,0.4105,-0.0,2560
2,41,34686.5963,0.3931,0.0,2559
2,42,34485.1446,0.3952,0.0,2558
2,43,33556.8581,0.3962,-0.0,2559
2,44,33060.8662,0.3824,0.0,2563
2,45,36744.4574,0.4084,-0.0,2571
2,46,36879.1894,0.3963,-0.0,2566
2,47,35588.7192,0.3772,-0.0,2553
2,48,34077.0736,0.3869,0.0,2556
2,49,34632.462,0.3824,-0.0,2563
2,50,35783.0997,0.4089,0.0,2568
2,51,35180.5393,0.397,0.0,2559
2,52,35195.5329,0.3915,-0.0,2552
2,53,34224.2188,0.3953,0.0,2560
2,54,33861.8267,0.3829,-0.0,2562
2,55,34800.0,0.3984,-0.0,2560
2,56,33535.5469,0.3852,-0.0,2560
2,57,33947.245,0.3959,-0.0,2559
2,58,33686.8647,0.4058,0.0,2558
2,59,33556.4674,0.4037,0.0,2559
3,0,44254.2969,0.4535,0.0,2560
3,1,41050.3739,0.3939,0.0,2541
3,2,40295.2493,0.3789,0.0,2547
3,3,37941.0145,0.3921,-0.0,2543
3,4,36690.1021,0.3841,-0.0,2546
3,5,38869.9921,0.4281,-0.0,2546
3,6,37248.8208,0.3903,-0.0,2544
3,7,37590.694,0.3872,0.0,2536
3,8,37352.4299,0.4066,0.0,2531
3,9,36952.3997,0.3918,0.0,2542
3,10,37064.339,0.399,0.0,2549
3,11,37142.1801,0.4017,0.0,2532
3,12,35542.7786,0.3799,0.0,2548
3,13,35125.8907,0.3947,0.0,2526
3,14,35014.5669,0.4059,0.0,2540
3,15,38395.9811,0.4184,0.0,2538
3,16,36083.8583,0.3969,-0.0001,2540
3,17,36624.9009,0.3799,0.0,2522
3,18,35594.9567,0.3842,0.0,2538
3,19,34258.3333,0.3956,0.0,2520
3,20,36761.811,0.4028,-0.0,2540
3,21,35595.5766,0.3669,0.0,2532
3,22,34898.1371,0.4035,-0.0,2523
3,23,35071.3719,0.3882,0.0,2522
3,24,34010.2645,0.3806,0.0,2533
3,25,36268.2446,0.4008,0.0,2535
3,26,35833.4646,0.3961,0.0,2540
3,27,34088.457,0.38,-0.0,2521
3,28,33639.163,0.3849,-0.0,2533
3,29,33035.9542,0.3884,0.0,2531
3,30,37186.7612,0.4165,0.0,2538
3,31,36366.5212,0.3915,-0.0,2521
3,32,35942.733,0.3938,0.0,2532
3,33,34903.5954,0.3797,0.0,2531
3,34,35200.3976,0.3849,-0.0,2515
3,35,36693.7648,0.4096,-0.0,2534
3,36,36327.2583,0.395,0.0,2524
3,37,35605.2215,0.3877,0.0,2528
3,38,35383.1813,0.3943,-0.0,2521
3,39,34358.7515,0.3769,0.0,2531
3,40,35736.4892,0.3862,0.0,2535
3,41,36053.5289,0.3941,0.0,2522
3,42,34996.0254,0.3935,-0.0,2516
3,43,33907.7901,0.3967,0.0,2516
3,44,33765.6374,0.3876,0.0,2526
3,45,35980.6858,0.4032,0.0,2537
3,46,35955.6084,0.3801,-0.0,2523
3,47,35635.2524,0.3971,0.0,2536
3,48,34959.3949,0.3881,0.0,2512
3,49,34390.8046,0.3983,-0.0,2523
3,50,35561.9835,0.3888,0.0,2541
3,51,36100.8337,0.3934,-0.0,2519
3,52,35038.63,0.3803,-0.0,2511
3,53,34943.7624,0.3778,-0.0,2525
3,54,33877.3249,0.3819,0.0,2527
3,55,35074.2496,0.3961,0.0,2532
3,56,33708.2344,0.3907,-0.0,2526
3,57,32798.1724,0.3747,-0.0,2517
3,58,32301.7378,0.3953,0.0,2532
3,59,32263.4281,0.3938,0.0001,2532
4,0,39424.2068,0.4438,-0.0,2553
4,1,38647.8313,0.3832,-0.0,2513
4,2,36750.3949,0.3894,0.0,2532
4,3,36406.6986,0.388,0.0,2508
4,4,35237.6984,0.3817,0.0,2520
4,5,36972.2662,0.395,-0.0,2524
4,6,35728.5771,0.3906,0.0,2509
4,7,36481.0983,0.3872,0.0,2513
4,8,35972.1227,0.3915,-0.0,2511
4,9,34680.1909,0.3755,0.0,2514
4,10,38191.3458,0.4081,-0.0,2519
4,11,35729.2247,0.3913,0.0,2515
4,12,36180.4062,0.401,-0.0,2511
4,13,34944.1141,0.3813,0.0,2523
4,14,34829.6267,0.3932,0.0,2518
4,15,37857.5386,0.4226,0.0,2527
4,16,36603.4141,0.3759,-0.0,2519
4,17,36524.7133,0.3721,-0.0,2529
4,18,35992.0698,0.3707,0.0,2522
4,19,35121.6323,0.3811,-0.0,2524
4,20,36630.7021,0.3931,0.0,2521
4,21,36261.8762,0.3756,0.0,2505
4,22,35507.7844,0.3784,-0.0,2505
4,23,34545.5994,0.3863,0.0,2511
4,24,32919.1235,0.3805,0.0001,2510
4,25,34662.8368,0.3974,-0.0,2524
4,26,34035.0877,0.3852,0.0,2508
4,27,34125.8993,0.3869,-0.0,2502
4,28,34310.3586,0.3821,0.0,2510
4,29,33937.2767,0.3894,0.0,2519
4,30,37238.4921,0.4083,-0.0,2520
4,31,36302.4178,0.3702,-0.0,2523
4,32,36701.9421,0.3841,0.0,2523
4,33,35840.9543,0.3829,0.0,2515
4,34,35522.2753,0.3906,-0.0,2514
4,35,36462.5743,0.4016,0.0,2525
4,36,36279.3008,0.3798,-0.0,2517
4,37,34169.7739,0.3804,0.0,2521
4,38,33814.234,0.3868,-0.0,2487
4,39,33580.414,0.3861,0.0,2512
4,40,34964.6825,0.3857,0.0,2520
4,41,34620.6483,0.3878,0.0,2499
4,42,34220.231,0.3919,0.0,2511
4,43,32475.1801,0.3815,0.0,2498
4,44,33181.6367,0.3924,-0.0,2505
4,45,36088.2002,0.3993,-0.0,2517
4,46,36067.0659,0.3856,-0.0,2505
4,47,35509.3217,0.3955,0.0,2521
4,48,34853.0466,0.3971,0.0,2511
4,49,34304.7467,0.3925,0.0,2507
4,50,36464.314,0.4136,0.0,2522
4,51,34717.9081,0.3597,0.0,2524
4,52,34812.5496,0.3709,-0.0,2518
4,53,33611.9462,0.3675,0.0,2528
4,54,33627.0378,0.3917,0.0,2515
4,55,35817.5327,0.3923,0.0,2521
4,56,34410.368,0.3969,-0.0,2527
4,57,33183.5845,0.3537,0.0,2522
4,58,32660.0712,0.387,-0.0,2527
4,59,38175.5214,0.3951,0.0001,2541
5,0,46930.523,0.4859,0.0,2562
5,1,43443.5706,0.3673,0.0,2543
5,2,42350.5317,0.4116,0.0,2539
5,3,38803.7975,0.3766,0.0,2528
5,4,37769.6563,0.3765,0.0,2531
5,5,40248.817,0.3896,-0.0,2536
5,6,38717.8571,0.3798,-0.0,2520
5,7,38375.5441,0.3973,0.0,2527
5,8,38263.6796,0.3977,0.0,2522
5,9,36097.0297,0.3929,-0.0,2525
5,10,36548.4252,0.389,0.0,2540
5,11,36400.8723,0.4005,0.0,2522
5,12,35812.6482,0.3727,0.0,2530
5,13,35231.5914,0.3789,0.0,2526
5,14,34279.0881,0.3954,0.0,2544
5,15,37860.9689,0.4104,0.0001,2539
5,16,37564.1026,0.3779,0.0,2535
5,17,36363.457,0.3883,0.0,2534
5,18,36080.4598,0.3896,-0.0001,2523
5,19,34875.4941,0.3739,-0.0,2530
5,20,36692.0647,0.4082,0.0,2533
5,21,34484.1114,0.3841,0.0,2549
5,22,34195.738,0.3844,0.0,2534
5,23,34239.0282,0.3781,-0.0,2552
5,24,34413.0178,0.3807,0.0,2535
5,25,35010.6383,0.3861,-0.0,2538
5,26,34715.7521,0.3885,-0.0,2533
5,27,34367.0737,0.3864,0.0,2539
5,28,33201.5073,0.3705,0.0,2521
5,29,34486.8473,0.3875,0.0,2547
5,30,38805.8708,0.4114,-0.0,2555
5,31,36888.5375,0.3909,0.0,2530
5,32,35443.9197,0.3758,-0.0,2541
5,33,34634.0024,0.3711,-0.0,2541
5,34,34787.2171,0.3803,0.0,2519
5,35,34956.4706,0.3918,0.0,2550
5,36,34041.3549,0.3742,-0.0,2539
5,37,35474.5963,0.3852,0.0,2539
5,38,34471.305,0.3801,-0.0,2544
5,39,33428.1213,0.3765,0.0,2539
5,40,34087.6228,0.3874,0.0,2545
5,41,34852.2148,0.4022,0.0,2551
5,42,32915.7148,0.3742,-0.0,2539
5,43,32640.0786,0.3756,0.0,2545
5,44,33135.4535,0.3926,0.0001,2547
5,45,35612.5,0.3992,0.0,2560
5,46,35291.0945,0.3864,-0.0,2549
5,47,33348.6816,0.3794,0.0,2541
5,48,33482.1918,0.3789,0.0,2555
5,49,34590.8553,0.395,-0.0001,2537
5,50,35782.4726,0.3709,0.0,2556
5,51,34504.9232,0.3537,0.0001,2539
5,52,33654.6027,0.3942,-0.0001,2542
5,53,34257.1992,0.3976,0.0,2535
5,54,34065.9341,0.3854,0.0,2548
5,55,34330.9887,0.3998,0.0,2559
5,56,32831.6987,0.3782,-0.0,2549
5,57,32565.0295,0.3843,0.0,2545
5,58,32873.2449,0.3943,0.0,2564
5,59,36057.7448,0.4108,0.0,2563
6,0,40661.7188,0.4164,0.0,2560
6,1,37990.2988,0.3912,0.0,2577
6,2,35648.7329,0.3984,0.0,2565
6,3,35393.7038,0.3995,0.0,2573
6,4,34404.9941,0.3851,0.0,2563
6,5,35454.0163,0.3935,0.0,2577
6,6,33928.6268,0.3856,-0.0,2578
6,7,32949.7664,0.3902,0.0,2568
6,8,32794.3124,0.3833,-0.0,2567
6,9,34035.9515,0.4072,0.0,2559
6,10,34284.2718,0.3946,-0.0,2575
6,11,33198.9101,0.3893,0.0,2569
6,12,33210.8738,0.4082,0.0,2575
6,13,32310.4524,0.3787,-0.0,2564
6,14,32339.4175,0.3961,0.0,2575
6,15,35460.4344,0.4069,0.0,2578
6,16,33882.8549,0.3751,-0.0,2578
6,17,33563.735,0.3747,0.0,2581
6,18,32436.6252,0.3853,-0.0,2572
6,19,31909.8679,0.3827,0.0,2574
6,20,34514.7287,0.4016,0.0,2580
6,21,33630.2488,0.3857,0.0,2572
6,22,33615.3846,0.3858,0.0,2587
6,23,33106.8111,0.3947,0.0,2584
6,24,33141.9657,0.3916,0.0,2564
6,25,33564.0728,0.393,-0.0,2583
6,26,32640.856,0.377,-0.0,2570
6,27,32067.6253,0.3727,0.0,2573
6,28,30137.3157,0.3693,0.0,2578
6,29,30760.8103,0.3931,0.0,2567
6,30,33188.6135,0.4152,0.0,2582
6,31,33796.4396,0.3978,-0.0,2584
6,32,33288.6916,0.3817,0.0,2591
6,33,32775.3679,0.3826,0.0,2582
6,34,32864.8335,0.3865,-0.0,2582
6,35,33696.7118,0.395,0.0,2585
6,36,33151.8203,0.3823,0.0,2582
6,37,32678.0318,0.3859,0.0,2581
6,38,32008.1553,0.3973,0.0,2575
6,39,30650.4817,0.3877,0.0,2595
6,40,31860.7253,0.397,0.0,2592
6,41,32305.2427,0.3953,-0.0,2575
6,42,32414.7377,0.3943,-0.0,2592
6,43,32235.0213,0.3796,-0.0,2587
6,44,32507.5377,0.3954,0.0,2587
6,45,33302.3975,0.3998,-0.0,2586
6,46,33032.1332,0.3837,0.0,2583
6,47,32619.8379,0.384,0.0,2591
6,48,31485.9019,0.377,-0.0,2589
6,49,30404.6422,0.3768,0.0,2585
6,50,30809.726,0.3906,-0.0,2591
6,51,31010.0309,0.3827,-0.0,2592
6,52,30470.2932,0.3796,0.0,2592
6,53,30905.7551,0.3866,0.0,2589
6,54,30154.679,0.3944,0.0,2586
6,55,30262.7315,0.4074,0.0,2592
6,56,31188.3443,0.3898,0.0,2591
6,57,30215.0289,0.385,0.0,2595
6,58,29894.5539,0.3971,-0.0,2589
6,59,30225.2218,0.3957,0.0,2593
7,0,37476.1722,0.4581,0.0,2602
7,1,35365.3477,0.393,0.0,2603
7,2,33192.3817,0.3759,0.0,2599
7,3,32707.5145,0.3838,0.0,2595
7,4,32421.7007,0.3944,0.0,2599
7,5,33277.2011,0.396,0.0,2601
7,6,32318.4787,0.3934,0.0,2603
7,7,32357.6953,0.3855,0.0,2586
7,8,31262.8945,0.3868,0.0,2598
7,9,30825.1829,0.3897,0.0,2597
7,10,31960.8445,0.4019,0.0001,2605
7,11,31626.4456,0.3948,-0.0,2594
7,12,31548.7852,0.3822,-0.0,2593
7,13,31747.7791,0.3862,0.0,2589
7,14,28884.9115,0.3891,0.0,2598
7,15,31533.282,0.4182,0.0,2599
7,16,32398.3083,0.4002,0.0,2601
7,17,32851.5385,0.3831,0.0,2600
7,18,31751.3451,0.3909,-0.0,2602
7,19,30834.0393,0.3893,0.0,2597
7,20,32410.8378,0.3982,-0.0,2602
7,21,31705.4531,0.3848,0.0,2604
7,22,30364.4752,0.4041,0.0,2601
7,23,29698.0769,0.3758,0.0,2600
7,24,29858.6247,0.3938,-0.0,2603
7,25,31026.892,0.3746,0.0,2603
7,26,29766.3587,0.3853,-0.0,2598
7,27,30173.2616,0.4011,0.0,2603
7,28,30203.8462,0.3869,-0.0,2600
7,29,28372.7378,0.3762,0.0,2597
7,30,32577.0706,0.4248,-0.0,2608
7,31,32655.0269,0.3822,0.0,2606
7,32,31520.5374,0.377,0.0001,2605
7,33,31623.8955,0.3922,0.0,2603
7,34,30146.3134,0.3606,0.0,2604
7,35,31665.5186,0.406,0.0,2613
7,36,31474.3295,0.3862,0.0,2610
7,37,31751.1521,0.3917,0.0,2604
7,38,31023.0681,0.3856,-0.0,2601
7,39,30523.2424,0.3857,-0.0,2603
7,40,30774.6641,0.3869,-0.0,2605
7,41,30209.9193,0.3875,0.0,2601
7,42,29741.7625,0.3943,-0.0,2610
7,43,30499.616,0.3909,0.0,2604
7,44,29273.0073,0.392,0.0,2597
7,45,31613.5229,0.4099,-0.0,2603
7,46,31524.2121,0.3839,-0.0,2602
7,47,30363.6711,0.3767,0.0,2615
7,48,30115.0,0.3819,-0.0,2600
7,49,28747.316,0.3777,-0.0,2608
7,50,30268.714,0.3893,0.0,2605
7,51,29852.4339,0.394,-0.0001,2609
7,52,29601.5326,0.3778,0.0,2610
7,53,30416.5067,0.38,0.0,2605
7,54,30087.6723,0.3959,0.0,2612
7,55,29492.5487,0.4008,0.0001,2617
7,56,29707.3077,0.4069,-0.0,2600
7,57,29126.3926,0.3815,0.0,2603
7,58,28428.5714,0.4006,-0.0,2611
7,59,27673.8214,0.3956,0.0,2609
8,0,34575.2585,0.4355,-0.0,2611
8,1,33321.8126,0.3932,0.0,2604
8,2,32478.7112,0.3702,-0.0,2607
8,3,31169.3487,0.3866,-0.0,2610
8,4,31650.7876,0.3907,-0.0,2603
8,5,33180.6353,0.4099,0.0001,2613
8,6,32710.1227,0.4099,0.0,2608
8,7,31702.2666,0.3965,0.0,2603
8,8,29756.995,0.3887,-0.0,2609
8,9,29751.0549,0.3932,0.0,2607
8,10,31230.3565,0.404,0.0,2609
8,11,30851.5117,0.3781,-0.0,2613
8,12,30139.7932,0.3784,-0.0,2611
8,13,29118.0315,0.3895,-0.0,2601
8,14,28413.41,0.4054,0.0,2610
8,15,32070.5521,0.4298,0.0,2608
8,16,31426.1668,0.3956,-0.0,2614
8,17,30544.6189,0.3864,0.0,2611
8,18,30456.0798,0.3924,-0.0,2607
8,19,29248.371,0.3917,0.0,2609
8,20,31006.1185,0.3996,-0.0,2615
8,21,30161.4883,0.3751,-0.0,2607
8,22,29513.7931,0.3766,-0.0,2610
8,23,28971.5931,0.3804,-0.0,2605
8,24,28408.969,0.3994,-0.0,2609
8,25,30167.0498,0.4061,0.0,2610
8,26,29179.9693,0.3887,0.0,2606
8,27,29518.9728,0.3837,-0.0,2609
8,28,28945.977,0.3682,-0.0,2610
8,29,28324.1379,0.3743,0.0,2610
8,30,30448.0644,0.4128,0.0,2609
8,31,30270.291,0.3871,0.0,2612
8,32,29832.6953,0.3886,-0.0,2612
8,33,29395.7854,0.364,-0.0,2610
8,34,28864.1928,0.3849,0.0,2614
8,35,29042.0811,0.3768,-0.0,2614
8,36,28354.8757,0.3901,-0.0,2615
8,37,28710.728,0.3847,0.0,2610
8,38,27526.4165,0.3809,-0.0,2612
8,39,27725.3926,0.3765,-0.0,2611
8,40,27502.8725,0.3964,-0.0,2611
8,41,28152.9908,0.3788,0.0,2608
8,42,28060.0612,0.3906,-0.0,2614
8,43,26544.4104,0.3637,-0.0,2612
8,44,27248.4663,0.3811,0.0,2608
8,45,28899.7321,0.4156,-0.0001,2613
8,46,29298.4273,0.3778,-0.0,2607
8,47,28242.4358,0.3566,0.0,2611
8,48,27953.6931,0.3961,-0.0,2613
8,49,28113.1498,0.3941,-0.0,2616
8,50,29101.3772,0.3875,0.0,2614
8,51,28955.1552,0.4002,-0.0,2609
8,52,28634.277,0.3883,-0.0,2614
8,53,28406.9545,0.3791,-0.0,2617
8,54,28311.6635,0.3816,-0.0,2615
8,55,29164.4989,0.4013,0.0,2614
8,56,29131.8807,0.396,0.0001,2616
8,57,28944.593,0.4104,0.0,2617
8,58,30764.9083,0.4262,-0.0,2616
8,59,37621.5596,0.4503,0.0004,2616
9,0,61262.3139,0.6441,-0.0001,2619
9,1,57816.1007,0.3804,-0.0002,2621
9,2,57066.4376,0.3856,-0.0001,2619
9,3,55428.1346,0.4037,-0.0001,2616
9,4,52200.5348,0.3885,-0.0,2618
9,5,50374.5704,0.4036,-0.0,2619
9,6,48116.9278,0.4092,0.0001,2617
9,7,46742.4532,0.4073,0.0001,2617
9,8,45708.9381,0.4099,0.0,2618
9,9,44153.2289,0.4215,0.0001,2617
9,10,44729.7401,0.4209,-0.0,2616
9,11,43637.0937,0.4187,0.0001,2615
9,12,42231.386,0.4162,-0.0,2619
9,13,42196.7902,0.4043,0.0,2617
9,14,41779.648,0.42,0.0001,2614
9,15,44624.4275,0.4317,0.0,2620
9,16,43829.893,0.4113,-0.0,2616
9,17,42489.4837,0.3977,0.0,2615
9,18,41734.8891,0.4128,-0.0,2614
9,19,40797.7829,0.4067,-0.0,2616
9,20,39911.7647,0.4011,0.0,2618
9,21,40896.1436,0.4059,0.0,2619
9,22,40578.8064,0.407,-0.0,2614
9,23,40265.4698,0.4129,0.0,2618
9,24,40668.9629,0.416,0.0,2613
9,25,41341.2214,0.4168,-0.0,2620
9,26,39045.0898,0.405,-0.0,2617
9,27,39645.0382,0.3977,-0.0,2620
9,28,36676.9878,0.4037,0.0,2616
9,29,36357.4159,0.4029,0.0,2616
9,30,39755.0553,0.4407,0.0,2621
9,31,40802.37,0.3926,-0.0,2616
9,32,39656.4769,0.3985,-0.0,2617
9,33,40004.2113,0.4074,-0.0,2612
9,34,38974.0458,0.4126,-0.0,2620
9,35,40055.0669,0.4126,-0.0,2615
9,36,39017.9389,0.4168,-0.0,2620
9,37,37837.0314,0.4028,0.0,2614
9,38,36140.2369,0.3936,0.0,2617
9,39,36378.4404,0.4197,-0.0,2616
9,40,37202.0626,0.4079,0.0,2618
9,41,36006.8807,0.4025,-0.0,2616
9,42,35567.8776,0.4015,-0.0,2615
9,43,34136.4679,0.414,-0.0,2616
9,44,33989.2884,0.4005,0.0,2614
9,45,36996.1788,0.4348,0.0,2617
9,46,37719.4795,0.4179,-0.0,2613
9,47,36136.5723,0.3852,0.0,2614
9,48,34646.0481,0.4044,0.0,2619
9,49,34928.2169,0.4059,0.0,2619
9,50,34967.9267,0.4101,-0.0,2619
9,51,34994.6442,0.407,-0.0,2614
9,52,33729.8433,0.3901,-0.0,2617
9,53,33310.49,0.4058,0.0,2612
9,54,32982.436,0.4223,0.0,2619
9,55,33704.8239,0.4276,-0.0,2612
9,56,33534.4037,0.4048,-0.0,2616
9,57,33455.0325,0.406,-0.0,2613
9,58,32792.0489,0.4144,0.0,2616
9,59,32039.3731,0.4075,-0.0,2616
10,0,37983.9327,0.4323,-0.0,2614
10,1,37591.8991,0.4085,0.0,2617
10,2,35555.6405,0.3989,0.0,2615
10,3,35977.8203,0.4245,0.0,2615
10,4,34848.1255,0.4044,-0.0,2614
10,5,35975.2098,0.4123,-0.0,2622
10,6,34750.0,0.3991,-0.0,2616
10,7,34661.8321,0.4233,-0.0,2620
10,8,33671.0123,0.3961,0.0,2608
10,9,34498.2805,0.3993,-0.0,2617
10,10,35124.188,0.4146,0.0,2617
10,11,34421.6361,0.409,0.0,2616
10,12,34739.9618,0.4145,-0.0,2615
10,13,34454.337,0.4043,0.0,2617
10,14,32541.9847,0.3844,0.0,2620
10,15,36147.1713,0.4151,0.0,2616
10,16,35227.3074,0.3978,-0.0,2622
10,17,35694.0727,0.3962,-0.0,2615
10,18,34446.5241,0.3854,-0.0,2618
10,19,33461.7445,0.3902,-0.0,2614
10,20,33963.6572,0.4105,-0.0,2614
10,21,34251.0492,0.4105,-0.0,2621
10,22,33954.8757,0.4126,-0.0,2615
10,23,33313.8603,0.4063,0.0,2619
10,24,33101.1837,0.4089,0.0,2619
10,25,33763.6921,0.4075,-0.0001,2611
10,26,33180.5344,0.3969,-0.0,2620
10,27,32699.3114,0.4151,0.0,2614
10,28,31935.4716,0.4212,0.0,2619
10,29,32502.6758,0.4106,0.0001,2616
10,30,35330.916,0.4496,-0.0,2620
10,31,34118.029,0.393,0.0,2618
10,32,35075.6881,0.4232,-0.0,2616
10,33,34568.2079,0.3985,-0.0,2617
10,34,32662.844,0.3956,0.0,2616
10,35,33801.2992,0.4131,-0.0,2617
10,36,34572.0841,0.3962,0.0,2615
10,37,33879.8316,0.416,0.0,2613
10,38,33388.0597,0.4129,0.0,2613
10,39,32345.8589,0.4041,-0.0,2608
10,40,32878.8226,0.4002,-0.0,2616
10,41,31782.0758,0.4117,0.0,2611
10,42,32304.9618,0.4229,0.0,2620
10,43,32057.4053,0.4126,-0.0,2613
10,44,31661.9557,0.4026,-0.0,2618
10,45,33213.5218,0.4095,0.0,2618
10,46,33711.3402,0.4112,-0.0,2619
10,47,33103.8564,0.3994,-0.0,2619
10,48,32329.8969,0.4143,0.0,2619
10,49,32342.4867,0.3924,0.0,2622
10,50,31864.0183,0.4152,-0.0,2618
10,51,31876.7646,0.4079,0.0,2621
10,52,31271.5814,0.403,0.0,2618
10,53,30396.4067,0.3945,-0.0001,2616
10,54,30308.1329,0.4128,0.0,2619
10,55,32159.4037,0.4262,0.0,2616
10,56,30296.3387,0.4119,0.0,2622
10,57,29940.4125,0.4072,-0.0,2618
10,58,29770.3477,0.407,-0.0,2617
10,59,28936.2352,0.4234,0.0,2619
11,0,34969.8012,0.4602,0.0,2616
11,1,34152.6135,0.3979,0.0,2621
11,2,33578.525,0.4104,-0.0,2617
11,3,33014.8798,0.4002,0.0,2621
11,4,31126.7659,0.3891,-0.0,2619
11,5,32072.9286,0.4158,-0.0,2619
11,6,31427.8075,0.4022,-0.0,2618
11,7,31631.4384,0.404,0.0,2621
11,8,30884.8207,0.4073,-0.0,2622
11,9,31857.3608,0.4176,0.0,2622
11,10,31777.0115,0.4,-0.0,2610
11,11,31556.7444,0.4016,-0.0,2617
11,12,32168.1922,0.4012,-0.0,2622
11,13,31488.1498,0.406,0.0,2616
11,14,29915.9343,0.4005,-0.0,2617
11,15,31660.0458,0.4282,-0.0,2618
11,16,32252.2005,0.4038,-0.0,2613
11,17,30907.2165,0.4017,0.0,2619
11,18,31219.1676,0.4147,-0.0,2619
11,19,30578.9071,0.4035,0.0,2617
11,20,31437.3089,0.4213,-0.0,2616
11,21,31211.6119,0.4156,-0.0,2618
11,22,30309.6058,0.3881,0.0,2613
11,23,30110.687,0.4027,-0.0,2620
11,24,29931.2452,0.4133,-0.0,2618
11,25,30606.5699,0.4179,0.0,2618
11,26,30851.2586,0.4172,0.0,2622
11,27,29779.6869,0.3971,-0.0,2619
11,28,29850.3636,0.4026,-0.0,2613
11,29,28699.3114,0.3998,0.0001,2614
11,30,31716.4692,0.4383,-0.0,2617
11,31,32421.5349,0.4066,-0.0,2619
11,32,31748.7572,0.4011,-0.0,2615
11,33,30704.1284,0.3976,0.0,2616
11,34,30868.8838,0.4079,-0.0,2616
11,35,31413.2011,0.3976,-0.0,2621
11,36,30723.453,0.3999,-0.0,2618
11,37,29236.2385,0.3926,0.0,2616
11,38,29589.538,0.4231,0.0,2619
11,39,29697.5143,0.4092,-0.0,2615
11,40,30209.4801,0.4102,-0.0,2616
11,41,30706.6922,0.4157,0.0,2615
11,42,29681.853,0.41,-0.0,2612
11,43,29242.3547,0.3949,-0.0,2616
11,44,29668.8312,0.4198,0.0,2618
11,45,30690.6035,0.4263,0.0,2618
11,46,30299.1976,0.41,-0.0,2617
11,47,30066.5138,0.3884,0.0,2616
11,48,29623.2824,0.4084,-0.0,2620
11,49,27715.8177,0.3972,-0.0,2611
11,50,28570.2258,0.4057,-0.0,2613
11,51,28741.3925,0.4116,-0.0,2614
11,52,28187.6911,0.3964,-0.0001,2616
11,53,28034.3249,0.3974,0.0,2622
11,54,27907.039,0.3986,0.0,2614
11,55,28924.6077,0.4099,-0.0,2613
11,56,29077.6291,0.421,0.0,2615
11,57,28264.9083,0.4067,-0.0,2616
11,58,27237.8771,0.4082,0.0,2619
11,59,27407.1101,0.4132,0.0,2616
12,0,31947.9924,0.4402,-0.0,2615
12,1,31767.4952,0.4023,-0.0,2615
12,2,30545.4893,0.4144,-0.0,2616
12,3,30343.0099,0.4125,-0.0,2618
12,4,29649.8664,0.3895,-0.0,2619
12,5,30098.855,0.4069,0.0,2620
12,6,30433.2061,0.4218,-0.0,2620
12,7,28642.0932,0.4034,0.0,2618
12,8,28423.0034,0.4119,-0.0,2617
12,9,28240.8257,0.4121,-0.0001,2616
12,10,28799.3119,0.406,-0.0,2616
12,11,28873.9014,0.3825,-0.0,2617
12,12,30189.365,0.3944,-0.0,2614
12,13,29457.4265,0.4005,-0.0,2619
12,14,27915.9985,0.4173,0.0,2619
12,15,29683.728,0.4163,0.0,2618
12,16,30250.6687,0.4169,0.0,2617
12,17,29780.7118,0.4015,-0.0,2613
12,18,28957.9992,0.3933,-0.0001,2619
12,19,27949.1784,0.3947,-0.0,2617
12,20,28252.9659,0.4133,0.0,2613
12,21,29541.8738,0.4027,-0.0,2615
12,22,28110.8139,0.4035,0.0,2617
12,23,29263.7615,0.4109,-0.0,2616
12,24,28789.313,0.3943,-0.0,2620
12,25,28750.0,0.4042,-0.0,2620
12,26,28779.0965,0.4012,0.0,2612
12,27,28156.2261,0.403,0.0,2618
12,28,28339.313,0.4145,-0.0,2620
12,29,27934.658,0.4123,-0.0,2617
12,30,31155.021,0.3956,0.0,2619
12,31,30249.5231,0.3995,0.0,2621
12,32,30824.7423,0.42,-0.0,2619
12,33,30402.8309,0.4044,0.0,2614
12,34,30084.8624,0.4014,-0.0,2616
12,35,28706.9163,0.4073,-0.0,2617
12,36,28636.4679,0.4063,-0.0,2616
12,37,28072.2201,0.4016,-0.0,2617
12,38,27618.9385,0.399,0.0001,2619
12,39,27279.4793,0.4001,0.0,2612
12,40,29202.9817,0.4205,-0.0,2616
12,41,28532.2889,0.4073,0.0,2617
12,42,27941.4914,0.4084,-0.0,2615
12,43,27120.6107,0.3996,-0.0,2620
12,44,27275.8225,0.4051,0.0001,2614
12,45,29438.6702,0.4207,-0.0001,2617
12,46,28523.9189,0.3961,-0.0,2613
12,47,27435.5147,0.4103,0.0,2613
12,48,27623.5654,0.4181,0.0,2614
12,49,26640.3979,0.4036,0.0,2614
12,50,27518.9148,0.4058,-0.0,2617
12,51,27382.263,0.417,0.0,2616
12,52,26925.4587,0.4086,0.0,2616
12,53,26574.7039,0.4142,0.0,2617
12,54,26490.0536,0.4036,-0.0,2614
12,55,26977.7948,0.3974,0.0,2612
12,56,26800.0,0.4119,-0.0,2615
12,57,27238.7319,0.4095,-0.0,2618
12,58,26282.2765,0.3873,0.0,2618
12,59,26250.5738,0.4135,0.0,2614
13,0,33697.7455,0.4582,0.0,2617
13,1,31183.4862,0.3998,-0.0,2616
13,2,31310.6611,0.4039,0.0,2617
13,3,31470.5657,0.4117,-0.0,2616
13,4,30041.7625,0.3992,-0.0,2610
13,5,30049.2366,0.413,-0.0,2620
13,6,30300.1912,0.3935,0.0,2615
13,7,29310.2525,0.3998,-0.0,2614
13,8,28455.3094,0.3992,-0.0,2618
13,9,28461.1558,0.4003,-0.0,2613
13,10,28999.6174,0.4074,-0.0,2614
13,11,27926.9039,0.39,-0.0,2613
13,12,27078.596,0.3945,-0.0,2621
13,13,27297.4732,0.3951,0.0,2612
13,14,27177.8203,0.4042,0.0,2615
13,15,29455.0669,0.4344,-0.0,2615
13,16,29175.9755,0.4128,-0.0,2614
13,17,28448.9874,0.3936,-0.0,2617
13,18,27876.0046,0.4191,0.0,2613
13,19,28631.74,0.4264,-0.0,2615
13,20,28247.3242,0.4037,0.0,2616
13,21,28047.6917,0.3937,-0.0,2621
13,22,26870.6963,0.4135,-0.0,2614
13,23,27119.2661,0.4071,-0.0,2616
13,24,26811.4723,0.4119,0.0,2615
13,25,28334.8624,0.4094,-0.0,2616
13,26,26912.1467,0.4064,0.0,2618
13,27,26598.088,0.408,0.0,2615
13,28,26538.9908,0.401,-0.0,2616
13,29,25512.6243,0.4009,0.0,2614
13,30,29124.3305,0.4369,-0.0,2614
13,31,29132.5439,0.3992,-0.0,2618
13,32,28489.2884,0.3982,-0.0,2614
13,33,27909.0214,0.4102,0.0,2616
13,34,26874.2355,0.4018,0.0,2616
13,35,27947.9127,0.427,-0.0,2611
13,36,28044.2917,0.4051,-0.0,2619
13,37,26884.424,0.3915,-0.0,2613
13,38,26686.9266,0.4041,-0.0,2616
13,39,26198.0122,0.3895,-0.0,2616
13,40,27408.2569,0.4163,-0.0,2616
13,41,27438.9591,0.4221,-0.0,2613
13,42,27327.3354,0.407,0.0,2612
13,43,26079.893,0.3926,-0.0,2616
13,44,26523.0061,0.408,0.0001,2608
13,45,28379.8242,0.4276,0.0,2617
13,46,27798.6244,0.4123,0.0,2617
13,47,28437.6911,0.409,0.0,2616
13,48,27205.8148,0.4097,0.0,2614
13,49,26779.0119,0.3884,-0.0,2611
13,50,27478.5769,0.42,-0.0,2614
13,51,27355.233,0.3953,-0.0,2618
13,52,26627.2936,0.3995,-0.0,2616
13,53,27338.3028,0.4148,0.0,2616
13,54,26744.8355,0.4216,-0.0001,2614
13,55,27503.248,0.4039,0.0,2617
13,56,27214.6136,0.4189,0.0,2614
13,57,26306.9572,0.4174,0.0,2616
13,58,26300.5736,0.4268,-0.0001,2615
13,59,27327.2101,0.4064,0.0,2613
14,0,30250.4773,0.4429,0.0,2619
14,1,30132.3642,0.4208,-0.0,2614
14,2,29466.7685,0.4045,-0.0,2618
14,3,29658.7786,0.4218,-0.0,2620
14,4,28473.0608,0.3989,0.0,2617
14,5,29103.211,0.4224,0.0,2616
14,6,29473.9663,0.42,0.0,2612
14,7,27904.5437,0.4097,0.0,2619
14,8,26988.1317,0.4127,-0.0,2612
14,9,27084.4801,0.4148,0.0,2616
14,10,27555.9801,0.415,0.0,2617
14,11,27738.8316,0.4013,-0.0,2619
14,12,27101.6431,0.3974,-0.0,2617
14,13,27359.1118,0.4054,-0.0,2612
14,14,26872.0397,0.4133,0.0,2618
14,15,28955.2239,0.4332,0.0,2613
14,16,28397.8618,0.4158,0.0,2619
14,17,28784.2387,0.4047,0.0,2614
14,18,27961.7737,0.4281,-0.0,2616
14,19,26899.8088,0.3897,0.0,2615
14,20,28900.1148,0.4332,-0.0,2613
14,21,28210.9285,0.4092,-0.0,2617
14,22,27563.2404,0.397,-0.0,2617
14,23,27037.4904,0.4128,0.0,2614
14,24,26959.8777,0.4028,-0.0,2617
14,25,27485.6597,0.4226,-0.0,2615
14,26,27800.841,0.414,-0.0,2616
14,27,27361.1643,0.3987,0.0,2611
14,28,27553.9816,0.4108,-0.0,2612
14,29,27303.6669,0.4099,-0.0,2618
14,30,29338.9441,0.4346,-0.0,2614
14,31,28848.0916,0.4023,-0.0,2620
14,32,27848.6239,0.4067,0.0,2616
14,33,27587.9878,0.3967,-0.0,2614
14,34,26885.5283,0.4135,-0.0,2612
14,35,28544.4826,0.4139,0.0,2619
14,36,28040.153,0.4122,0.0,2615
14,37,27200.7634,0.4095,0.0,2620
14,38,27852.5029,0.4207,0.0,2617
14,39,26418.7023,0.4004,-0.0,2620
14,40,27242.8408,0.42,-0.0,2619
14,41,28145.9129,0.4118,-0.0,2618
14,42,28030.546,0.4086,-0.0,2619
14,43,27227.0291,0.3932,-0.0,2612
14,44,26182.9641,0.3969,0.0,2618
14,45,28080.2446,0.4241,0.0,2617
14,46,28798.1651,0.4247,-0.0,2616
14,47,27807.7217,0.4079,0.0,2616
14,48,27650.4594,0.4096,-0.0,2612
14,49,27070.0613,0.3993,0.0,2612
14,50,27803.749,0.4128,-0.0,2614
14,51,27441.896,0.3976,0.0,2616
14,52,27438.3352,0.4005,-0.0001,2619
14,53,26970.9924,0.4134,0.0,2620
14,54,26523.5182,0.4214,-0.0,2615
14,55,27004.5889,0.4088,0.0,2615
14,56,26389.7788,0.4169,0.0,2622
14,57,25243.6044,0.4063,-0.0,2619
14,58,25930.126,0.4074,-0.0,2619
14,59,26620.7028,0.4332,0.0,2618
15,0,31255.4493,0.4409,0.0,2615
15,1,31310.187,0.4067,-0.0,2621
15,2,29533.8432,0.4023,0.0,2615
15,3,29282.8244,0.4168,0.0,2620
15,4,28674.5607,0.4263,0.0,2618
15,5,29027.1614,0.399,-0.0,2614
15,6,28958.0313,0.4086,0.0,2621
15,7,28735.0917,0.4308,-0.0,2616
15,8,28393.9626,0.4131,0.0,2617
15,9,27419.0222,0.4213,0.0,2618
15,10,28340.3442,0.4145,0.0,2615
15,11,28577.4218,0.415,-0.0,2622
15,12,28003.8256,0.4208,0.0,2614
15,13,28126.6259,0.4323,0.0,2614
15,14,28153.0534,0.4191,0.0,2620
15,15,29635.357,0.4269,0.0,2619
15,16,29619.1749,0.4183,-0.0,2618
15,17,28390.9056,0.4066,-0.0,2617
15,18,28223.0298,0.4338,-0.0,2614
15,19,27374.0897,0.404,0.0,2609
15,20,28100.1912,0.4172,0.0,2615
15,21,27560.7798,0.4086,0.0,2616
15,22,28364.9579,0.4227,0.0,2614
15,23,28083.7156,0.406,0.0,2616
15,24,27722.6054,0.4169,-0.0,2610
15,25,27961.3767,0.4008,0.0,2615
15,26,27311.0176,0.4311,0.0,2614
15,27,27227.9159,0.4172,0.0,2615
15,28,27279.9847,0.424,-0.0,2618
15,29,26754.2113,0.4165,0.0,2612
15,30,29321.8786,0.4315,0.0,2619
15,31,29335.7553,0.4153,-0.0,2615
15,32,28134.8358,0.4045,-0.0,2618
15,33,28625.6195,0.4095,-0.0,2623
15,34,27105.8869,0.4033,0.0,2616
15,35,29461.7737,0.4407,0.0,2616
15,36,28646.5418,0.4215,-0.0,2617
15,37,28630.1527,0.4084,0.0,2620
15,38,28124.283,0.4233,-0.0,2615
15,39,27811.0899,0.3985,-0.0,2615
15,40,27985.8725,0.4036,-0.0,2619
15,41,27841.0394,0.4131,-0.0,2617
15,42,27087.6387,0.3923,0.0,2613
15,43,27016.7875,0.4086,-0.0,2621
15,44,27167.3033,0.4213,0.0,2618
15,45,29116.3859,0.4391,0.0,2612
15,46,28495.023,0.4116,0.0,2612
15,47,27619.1205,0.4222,-0.0,2615
15,48,27199.8469,0.4054,-0.0,2612
15,49,27312.6911,0.4239,0.0,2616
15,50,27768.3767,0.4208,-0.0,2612
15,51,27363.4277,0.4197,-0.0,2614
15,52,27614.1762,0.3908,-0.0,2610
15,53,27288.5572,0.4049,-0.0,2613
15,54,27570.9369,0.4023,0.0,2615
15,55,27909.4037,0.4121,-0.0,2616
15,56,28059.2508,0.4098,0.0,2616
15,57,27516.8453,0.4158,0.0,2612
15,58,26986.9981,0.4279,0.0,2615
15,59,26404.4427,0.4121,0.0,2611
16,0,31707.3451,0.464,-0.0,2614
16,1,30389.9732,0.3869,0.0,2613
16,2,29177.5057,0.4101,-0.0,2614
16,3,30321.6061,0.4424,0.0,2615
16,4,29983.5375,0.4123,-0.0,2612
16,5,29567.3921,0.3967,-0.0,2619
16,6,30475.6984,0.4194,0.0,2613
16,7,30471.8714,0.421,0.0,2613
16,8,28853.0987,0.4105,0.0,2614
16,9,28691.0694,0.4189,0.0,2609
16,10,31214.2857,0.4041,0.0,2618
16,11,29081.2572,0.4136,-0.0,2609
16,12,28290.3596,0.4112,-0.0,2614
16,13,28408.1711,0.4032,0.0,2619
16,14,28361.4826,0.4165,0.0001,2617
16,15,30196.1009,0.4343,-0.0,2616
16,16,30368.3607,0.4211,-0.0,2617
16,17,30967.5076,0.4232,0.0,2616
16,18,29443.4683,0.4099,-0.0001,2618
16,19,29344.8276,0.4031,0.0,2610
16,20,29359.2196,0.438,-0.0,2614
16,21,29167.1138,0.4166,-0.0,2609
16,22,28367.4952,0.4103,-0.0,2615
16,23,29675.8515,0.4294,0.0,2613
16,24,28041.3318,0.4106,0.0,2613
16,25,29160.9943,0.4352,0.0,2615
16,26,29111.2811,0.4088,-0.0,2615
16,27,28158.3174,0.3862,0.0,2615
16,28,28675.6032,0.432,0.0,2611
16,29,26927.7523,0.4121,-0.0,2616
16,30,31389.8889,0.4427,-0.0,2611
16,31,30514.1437,0.3949,0.0,2616
16,32,30381.7348,0.418,0.0,2617
16,33,28927.9693,0.3885,-0.0,2610
16,34,29248.3735,0.406,0.0,2613
16,35,30238.9144,0.4232,-0.0,2616
16,36,29704.2846,0.3944,0.0,2614
16,37,29230.9751,0.4187,-0.0,2615
16,38,27802.0674,0.4016,0.0,2612
16,39,27522.1543,0.4114,0.0,2618
16,40,27543.1957,0.4285,0.0,2616
16,41,28282.8746,0.4117,0.0,2616
16,42,28266.1568,0.4302,-0.0,2615
16,43,27636.0856,0.4232,-0.0,2616
16,44,27525.6705,0.4115,0.0,2610
16,45,29701.4925,0.4436,-0.0,2613
16,46,29622.9947,0.4079,0.0,2618
16,47,29754.5802,0.4156,0.0,2620
16,48,29381.846,0.4064,0.0,2611
16,49,29255.6362,0.4024,-0.0,2617
16,50,29210.6269,0.4052,0.0,2616
16,51,29083.3015,0.4123,-0.0,2617
16,52,28727.5163,0.4133,0.0,2613
16,53,28744.559,0.4097,0.0,2619
16,54,28496.9349,0.4103,-0.0,2610
16,55,28492.1726,0.415,0.0,2619
16,56,28576.5111,0.4227,-0.0,2614
16,57,27857.362,0.4149,-0.0,2608
16,58,26800.4587,0.3991,0.0,2616
16,59,27795.9418,0.4081,0.0001,2612
17,0,33700.5736,0.4581,0.0,2615
17,1,34112.2995,0.4248,-0.0,2618
17,2,34367.6752,0.429,-0.0,2611
17,3,34479.342,0.4097,0.0001,2614
17,4,33382.522,0.4186,-0.0,2609
17,5,33356.8147,0.4112,-0.0,2612
17,6,33201.2242,0.4227,0.0,2614
17,7,32339.977,0.4105,0.0,2609
17,8,31684.7743,0.3971,0.0,2614
17,9,32009.5785,0.4295,0.0,2610
17,10,32861.8446,0.421,0.0,2613
17,11,31764.8411,0.4163,-0.0,2611
17,12,32112.1316,0.4256,0.0,2613
17,13,31221.8822,0.3948,0.0,2614
17,14,30340.8742,0.4084,0.0001,2608
17,15,32120.0153,0.4402,-0.0,2608
17,16,32096.5147,0.4029,-0.0,2611
17,17,32025.2487,0.4158,-0.0,2614
17,18,31662.3327,0.4011,0.0,2615
17,19,30671.3903,0.4175,0.0,2611
17,20,31677.271,0.4097,-0.0,2609
17,21,30725.7077,0.4009,-0.0,2614
17,22,31667.6888,0.4209,-0.0,2609
17,23,31378.3991,0.4293,-0.0,2611
17,24,31342.2767,0.4048,-0.0,2609
17,25,31324.0245,0.4059,0.0,2614
17,26,31346.2423,0.4241,0.0,2608
17,27,30912.2941,0.4305,-0.0,2611
17,28,29406.9678,0.4028,0.0,2612
17,29,29085.5718,0.406,0.0,2606
17,30,32660.023,0.4534,0.0,2609
17,31,32807.3535,0.4025,-0.0,2611
17,32,31707.2331,0.4156,-0.0,2613
17,33,31166.3473,0.3925,-0.0,2609
17,34,31197.7812,0.4235,-0.0,2614
17,35,30892.8845,0.4051,-0.0,2614
17,36,31053.2363,0.4121,-0.0,2611
17,37,31556.6616,0.4127,-0.0,2612
17,38,30884.3355,0.4029,-0.0,2611
17,39,29950.9766,0.4025,-0.0,2611
17,40,31135.7883,0.4219,-0.0,2607
17,41,31298.3129,0.4256,0.0,2608
17,42,30025.6902,0.4026,0.0,2608
17,43,29891.6539,0.4154,-0.0,2612
17,44,29354.1587,0.4109,-0.0001,2609
17,45,32544.4444,0.431,0.0,2610
17,46,32265.6968,0.4104,-0.0,2612
17,47,31586.9732,0.4138,0.0,2610
17,48,30956.372,0.3957,-0.0,2613
17,49,30557.6408,0.4167,0.0,2611
17,50,30927.9693,0.4261,0.0,2610
17,51,30192.2783,0.4109,-0.0,2616
17,52,29548.202,0.3925,-0.0,2614
17,53,29407.2658,0.4176,-0.0,2615
17,54,29715.4347,0.4048,0.0,2611
17,55,30572.4112,0.4146,-0.0,2617
17,56,30485.4629,0.4178,0.0,2614
17,57,30187.9066,0.4091,0.0,2613
17,58,29543.578,0.4297,-0.0,2616
17,59,29203.3704,0.4221,0.0001,2611
18,0,34812.7627,0.4463,0.0,2617
18,1,33331.4176,0.418,0.0,2610
18,2,32563.0027,0.4048,-0.0,2611
18,3,32516.2773,0.4129,-0.0,2611
18,4,31776.7994,0.4081,0.0,2612
18,5,33525.8126,0.4199,-0.0001,2615
18,6,32513.3997,0.3985,-0.0,2612
18,7,32384.0857,0.391,-0.0,2614
18,8,30915.7411,0.3991,-0.0,2611
18,9,30646.4956,0.4044,0.0,2611
18,10,31589.1354,0.4292,-0.0001,2614
18,11,31202.0666,0.4095,0.0,2613
18,12,31232.1224,0.421,-0.0,2615
18,13,30919.4785,0.3953,-0.0,2608
18,14,31123.4709,0.4052,0.0,2616
18,15,32836.3914,0.4461,0.0001,2616
18,16,33147.4531,0.4374,0.0,2611
18,17,32972.0414,0.406,-0.0,2611
18,18,32103.911,0.421,-0.0,2608
18,19,31309.4874,0.4101,0.0,2614
18,20,31437.1898,0.404,-0.0001,2619
18,21,31054.7054,0.4044,0.0,2614
18,22,30860.8031,0.4011,-0.0,2615
18,23,30300.0,0.4069,0.0,2610
18,24,30865.7461,0.42,-0.0,2607
18,25,31347.7595,0.4263,0.0,2611
18,26,30917.6245,0.3954,-0.0,2610
18,27,31607.2797,0.4272,0.0,2610
18,28,30499.0432,0.4145,-0.0,2613
18,29,29422.3841,0.4055,0.0,2609
18,30,33010.7239,0.4435,-0.0,2611
18,31,33519.7242,0.4021,0.0,2611
18,32,31882.1729,0.4128,-0.0,2614
18,33,31492.3489,0.4166,0.0,2614
18,34,30611.005,0.3993,0.0,2617
18,35,31710.848,0.4312,0.0,2618
18,36,31075.746,0.3982,-0.0001,2614
18,37,30439.51,0.3897,0.0,2612
18,38,30631.74,0.4394,0.0,2615
18,39,30686.4245,0.4168,0.0,2615
18,40,31303.2505,0.4096,-0.0,2615
18,41,31294.5677,0.4158,0.0,2614
18,42,30509.7514,0.4199,0.0,2615
18,43,29927.4255,0.403,-0.0,2618
18,44,29443.8912,0.4194,0.0,2611
18,45,31552.712,0.4396,0.0,2618
18,46,31668.3244,0.3971,-0.0,2614
18,47,31190.8777,0.4051,0.0,2609
18,48,31010.3369,0.4104,0.0,2612
18,49,30488.7016,0.4148,0.0,2611
18,50,30862.3327,0.4168,0.0,2615
18,51,31055.4705,0.4074,-0.0,2614
18,52,30692.6904,0.3969,0.0,2613
18,53,30021.4149,0.4122,0.0,2615
18,54,29640.2602,0.406,0.0,2613
18,55,29496.7495,0.3939,-0.0,2615
18,56,30217.8066,0.4184,0.0,2617
18,57,29964.0123,0.4142,-0.0,2612
18,58,28607.3479,0.4114,0.0,2613
18,59,28439.4636,0.4287,0.0,2610
19,0,33391.8196,0.4545,0.0,2616
19,1,33478.2277,0.4194,-0.0,2618
19,2,32860.2068,0.4041,0.0,2611
19,3,32728.5605,0.4012,-0.0,2612
19,4,31774.8092,0.4115,0.0,2620
19,5,32653.0222,0.4319,-0.0,2614
19,6,33241.9602,0.4028,-0.0,2612
19,7,32326.2114,0.4079,-0.0,2621
19,8,32297.0904,0.4173,-0.0,2612
19,9,32099.3125,0.3969,-0.0,2618
19,10,31687.0696,0.3952,0.0,2614
19,11,31803.749,0.4055,-0.0,2614
19,12,31696.5517,0.4161,-0.0001,2610
19,13,31472.4349,0.3985,0.0,2612
19,14,30061.974,0.4162,0.0,2614
19,15,32478.211,0.4163,-0.0,2616
19,16,32205.0497,0.4002,-0.0,2614
19,17,31912.3948,0.4097,-0.0,2614
19,18,30898.7003,0.4021,0.0,2616
19,19,31561.974,0.4139,0.0,2614
19,20,32102.1814,0.4175,0.0,2613
19,21,31595.1108,0.403,-0.0,2618
19,22,31073.0681,0.4212,-0.0,2614
19,23,31093.6902,0.4122,0.0,2615
19,24,30987.7676,0.409,-0.0,2616
19,25,30827.0992,0.4061,0.0,2620
19,26,30183.104,0.3933,0.0,2616
19,27,29063.5528,0.4035,0.0,2612
19,28,28433.652,0.4069,-0.0,2615
19,29,29226.0038,0.413,0.0001,2615
19,30,32947.3081,0.4513,-0.0,2619
19,31,32635.2851,0.4164,-0.0,2613
19,32,31691.5138,0.3895,-0.0,2616
19,33,32180.6723,0.4106,0.0,2618
19,34,32022.5621,0.3977,0.0,2615
19,35,32459.8624,0.432,0.0,2616
19,36,30698.5097,0.3928,-0.0,2617
19,37,30104.3578,0.3976,0.0,2616
19,38,30436.2801,0.4152,-0.0,2613
19,39,29926.2514,0.4012,-0.0,2617
19,40,31026.3963,0.4174,0.0,2614
19,41,31253.6398,0.4172,0.0,2610
19,42,29787.7629,0.4038,0.0,2615
19,43,29259.6855,0.412,-0.0,2607
19,44,28216.6922,0.3993,-0.0,2612
19,45,30715.5963,0.422,0.0,2616
19,46,30606.3504,0.4174,-0.0,2614
19,47,30605.8171,0.4011,0.0,2613
19,48,30212.0168,0.3992,0.0,2613
19,49,29773.2314,0.3992,-0.0,2615
19,50,30492.5373,0.4011,0.0,2613
19,51,31116.5902,0.4083,-0.0,2616
19,52,29540.5819,0.4123,0.0,2612
19,53,29771.4941,0.3859,0.0,2617
19,54,29045.9418,0.4162,-0.0,2612
19,55,29500.9546,0.4055,-0.0,2619
19,56,28804.7382,0.3886,-0.0,2617
19,57,28481.8494,0.4089,-0.0,2617
19,58,28613.9144,0.4201,-0.0,2616
19,59,28754.7746,0.4148,0.0,2618
20,0,32988.9228,0.4465,-0.0,2618
20,1,34032.8872,0.3981,0.0,2615
20,2,32730.7839,0.3901,0.0,2615
20,3,32537.2564,0.4135,0.0,2617
20,4,31381.6794,0.4118,0.0,2620
20,5,32214.7497,0.4196,0.0,2617
20,6,31962.8921,0.4024,-0.0,2614
20,7,30935.4469,0.3965,0.0,2618
20,8,29757.6453,0.4037,-0.0,2616
20,9,30694.3065,0.3985,0.0,2617
20,10,30829.4455,0.4138,-0.0,2615
20,11,29940.0306,0.3927,0.0,2618
20,12,30586.5495,0.4177,-0.0,2617
20,13,29422.6213,0.389,0.0,2617
20,14,29317.6426,0.4152,0.0,2613
20,15,31141.8196,0.4377,0.0,2616
20,16,31831.1688,0.4121,-0.0,2618
20,17,30424.196,0.415,0.0,2612
20,18,30290.631,0.3916,-0.0,2615
20,19,29820.0229,0.4016,-0.0,2617
20,20,31273.2491,0.4179,-0.0,2613
20,21,30876.1941,0.4077,-0.0,2617
20,22,29969.8473,0.4092,0.0,2620
20,23,29738.4321,0.4191,0.0,2615
20,24,29788.4689,0.4135,-0.0,2619
20,25,30830.8515,0.4139,-0.0,2619
20,26,30708.7639,0.3957,-0.0,2613
20,27,30047.0183,0.3976,0.0,2616
20,28,29436.0643,0.41,0.0,2612
20,29,29974.7513,0.4135,0.0,2614
20,30,32404.2065,0.4405,-0.0,2615
20,31,32353.0987,0.3967,0.0,2614
20,32,31033.9824,0.4055,0.0,2619
20,33,30684.6537,0.3793,-0.0,2613
20,34,30374.0458,0.371,0.0,2620
20,35,31919.0222,0.4125,-0.0,2618
20,36,31355.2581,0.3992,0.0,2615
20,37,31393.8931,0.3966,-0.0,2620
20,38,31207.1074,0.3989,0.0,2617
20,39,30488.5321,0.3964,0.0,2616
20,40,30526.7994,0.4085,0.0,2612
20,41,30742.6386,0.3912,0.0,2615
20,42,29970.1264,0.4037,0.0,2611
20,43,30715.4876,0.3897,0.0,2615
20,44,30076.4818,0.4076,0.0001,2615
20,45,32229.9158,0.4426,0.0,2614
20,46,32158.6391,0.4002,0.0,2616
20,47,30338.438,0.3867,-0.0001,2612
20,48,30623.6148,0.4108,0.0,2617
20,49,30143.951,0.4054,0.0,2612
20,50,31093.415,0.3962,0.0,2612
20,51,30915.1376,0.3849,0.0,2616
20,52,30635.7388,0.3868,0.0,2619
20,53,30423.8715,0.4032,0.0,2614
20,54,29938.3142,0.4188,-0.0,2610
20,55,30461.3323,0.4005,0.0,2612
20,56,30683.9893,0.4142,0.0,2617
20,57,29880.6427,0.3975,0.0,2614
20,58,29380.4971,0.4149,0.0,2615
20,59,28991.5902,0.4186,0.0,2616
21,0,37169.5951,0.4607,0.0,2618
21,1,37653.5373,0.4157,0.0,2615
21,2,36298.2389,0.41,-0.0,2612
21,3,35566.7815,0.3869,0.0,2613
21,4,35102.2597,0.4044,-0.0,2611
21,5,36106.5292,0.4112,-0.0,2619
21,6,34505.3558,0.4078,0.0,2614
21,7,34050.8604,0.405,-0.0,2615
21,8,32643.7572,0.3944,0.0,2619
21,9,33191.8227,0.4108,0.0,2617
21,10,33816.896,0.3995,0.0,2616
21,11,34556.5317,0.3869,-0.0,2618
21,12,32677.8754,0.3959,-0.0,2617
21,13,32465.4184,0.3917,0.0,2617
21,14,31403.5892,0.4143,0.0001,2619
21,15,36159.0214,0.4388,-0.0,2616
21,16,35674.1788,0.3908,0.0,2618
21,17,34340.8656,0.388,-0.0,2611
21,18,33629.0076,0.3981,-0.0,2620
21,19,32725.1908,0.4187,0.0,2620
21,20,33524.3202,0.4178,0.0,2611
21,21,33303.9664,0.4081,0.0,2622
21,22,32917.4943,0.4248,-0.0,2618
21,23,33573.124,0.4047,0.0,2612
21,24,32490.6453,0.3944,-0.0,2619
21,25,33355.861,0.4112,-0.0,2619
21,26,32756.3956,0.3994,-0.0,2619
21,27,31431.0806,0.3837,-0.0,2619
21,28,30550.0765,0.3884,-0.0,2616
21,29,32358.5627,0.4163,0.0001,2616
21,30,49022.5191,0.4637,0.0,2620
21,31,41231.1807,0.3886,0.0,2617
21,32,40090.2486,0.4084,0.0,2615
21,33,37465.0096,0.3862,-0.0,2615
21,34,35770.4354,0.39,-0.0,2618
21,35,36602.2163,0.4073,0.0,2617
21,36,35462.156,0.3956,-0.0,2616
21,37,34246.6539,0.4122,-0.0,2615
21,38,34185.7088,0.4012,0.0,2617
21,39,34043.1792,0.4016,0.0,2617
21,40,35542.7807,0.4141,0.0,2618
21,41,34857.8544,0.4149,-0.0,2610
21,42,34539.7858,0.3875,0.0,2614
21,43,33697.5945,0.4055,-0.0,2619
21,44,31655.5937,0.3868,0.0,2619
21,45,35795.9496,0.4238,-0.0,2617
21,46,35563.17,0.4112,0.0,2612
21,47,35196.715,0.3988,0.0,2618
21,48,34840.9786,0.4136,0.0,2616
21,49,33730.6809,0.3963,0.0,2614
21,50,34848.6817,0.4115,0.0,2617
21,51,34193.9672,0.3906,-0.0,2619
21,52,32875.6695,0.3841,-0.0,2614
21,53,32425.841,0.4067,-0.0,2616
21,54,32697.479,0.4022,-0.0001,2618
21,55,32928.1071,0.4134,0.0,2615
21,56,33734.7095,0.4174,0.0,2616
21,57,32970.5995,0.3944,0.0,2619
21,58,31665.6453,0.4201,-0.0,2611
21,59,31429.5559,0.402,0.0001,2612
22,0,37289.5945,0.4522,0.0,2614
22,1,36505.3599,0.4116,0.0,2612
22,2,35760.8279,0.4036,-0.0,2609
22,3,36336.3949,0.3999,-0.0,2613
22,4,34858.4545,0.3948,0.0,2614
22,5,36109.7934,0.4155,-0.0,2614
22,6,35945.2527,0.4096,0.0,2612
22,7,33931.14,0.4009,-0.0,2614
22,8,33534.8125,0.4166,0.0,2614
22,9,33242.737,0.4098,0.0,2616
22,10,34875.2869,0.4216,0.0,2614
22,11,34741.3925,0.3986,0.0,2614
22,12,34201.8349,0.4029,-0.0,2616
22,13,34351.1859,0.3925,0.0,2614
22,14,33471.6909,0.4078,0.0001,2614
22,15,36870.0306,0.4388,-0.0001,2616
22,16,35706.8043,0.3846,-0.0,2616
22,17,34619.3204,0.3887,0.0,2619
22,18,34730.1527,0.4008,0.0,2620
22,19,34041.316,0.4086,0.0,2614
22,20,36574.4843,0.4053,0.0,2618
22,21,36949.9618,0.4179,-0.0001,2618
22,22,35025.6508,0.3917,-0.0,2612
22,23,35377.9648,0.4055,0.0,2614
22,24,33836.0781,0.3949,0.0,2611
22,25,35324.407,0.4051,-0.0,2614
22,26,33850.0956,0.4046,-0.0,2615
22,27,33524.101,0.4109,-0.0,2614
22,28,34035.2896,0.389,0.0,2607
22,29,33100.9174,0.4128,0.0001,2616
22,30,45682.9828,0.46,0.0,2615
22,31,47898.6616,0.3977,-0.0,2615
22,32,45517.4263,0.4083,0.0,2611
22,33,43026.0038,0.3901,-0.0,2615
22,34,41388.2083,0.3882,-0.0,2612
22,35,42326.0703,0.3964,-0.0,2616
22,36,41521.9549,0.3891,-0.0,2619
22,37,40377.8203,0.3832,0.0,2615
22,38,39398.1658,0.3878,-0.0,2617
22,39,39038.6677,0.4035,-0.0,2612
22,40,41779.648,0.4231,0.0,2614
22,41,41464.4767,0.4045,0.0,2618
22,42,40604.5889,0.4065,-0.0,2615
22,43,39817.1385,0.4002,-0.0,2614
22,44,39124.5701,0.4169,0.0,2617
22,45,43042.8298,0.4287,-0.0,2615
22,46,41591.5709,0.4054,-0.0,2610
22,47,39544.759,0.4009,-0.0,2614
22,48,38775.2294,0.4014,-0.0,2616
22,49,37906.6207,0.3854,-0.0,2613
22,50,40186.3758,0.4007,-0.0,2613
22,51,40604.66,0.4018,-0.0,2618
22,52,39425.7842,0.4055,-0.0,2614
22,53,39539.0805,0.4019,-0.0,2610
22,54,41358.945,0.4037,-0.0,2616
22,55,41763.4902,0.4168,-0.0,2613
22,56,42077.7182,0.397,0.0,2612
22,57,39846.036,0.4228,0.0001,2611
22,58,45006.5034,0.4155,-0.0,2614
22,59,36407.1948,0.3873,0.0001,2613
23,0,45657.4924,0.4637,0.0,2616
23,1,45762.634,0.4181,-0.0,2612
23,2,43405.581,0.396,-0.0,2616
23,3,42208.9552,0.3949,0.0,2613
23,4,41500.5745,0.4087,-0.0,2611
23,5,41769.5835,0.405,0.0,2617
23,6,40871.7458,0.3901,0.0,2612
23,7,40490.631,0.3973,-0.0,2615
23,8,42558.2728,0.4066,-0.0,2617
23,9,39622.8943,0.3955,-0.0,2612
23,10,40224.5601,0.4074,-0.0,2614
23,11,40500.7657,0.4028,0.0,2612
23,12,39856.9243,0.3975,0.0,2614
23,13,38380.5513,0.4112,-0.0,2612
23,14,39429.0088,0.3965,0.0,2613
23,15,42034.8525,0.4309,-0.0,2611
23,16,42249.3308,0.4298,-0.0,2615
23,17,40681.853,0.4051,0.0,2612
23,18,38716.4179,0.4083,-0.0,2613
23,19,38967.4579,0.3993,-0.0,2612
23,20,41579.2496,0.423,0.0,2612
23,21,40585.086,0.4038,-0.0,2615
23,22,37883.9252,0.4089,-0.0,2619
23,23,37877.2936,0.4178,0.0,2616
23,24,38785.086,0.4161,0.0,2615
23,25,40101.7598,0.4258,-0.0,2614
23,26,39340.4662,0.3951,-0.0,2617
23,27,37509.1743,0.4018,0.0,2616
23,28,37739.2134,0.4066,0.0,2619
23,29,36641.4083,0.4179,0.0001,2613
23,30,44140.8882,0.4437,-0.0,2612
23,31,45934.8659,0.4077,-0.0,2610
23,32,45257.657,0.4054,-0.0,2612
23,33,45113.6625,0.4026,0.0,2613
23,34,42288.5057,0.4023,0.0,2610
23,35,47470.7457,0.4153,-0.0,2615
23,36,43771.1767,0.4209,-0.0,2609
23,37,41694.37,0.3884,-0.0,2611
23,38,40665.0038,0.4021,0.0,2606
23,39,40787.4952,0.417,-0.0,2607
23,40,42798.7758,0.4231,0.0,2614
23,41,42715.5436,0.4066,-0.0,2612
23,42,42660.4063,0.4078,-0.0,2609
23,43,41255.2622,0.3927,-0.0,2613
23,44,39777.6074,0.4011,0.0,2608
23,45,44501.5361,0.4435,-0.0,2604
23,46,44001.1477,0.3994,-0.0,2614
23,47,43555.0019,0.3959,-0.0,2609
23,48,41845.8301,0.3963,-0.0,2614
23,49,40088.0889,0.4006,-0.0,2611
23,50,41643.295,0.3985,-0.0,2610
23,51,40583.7486,0.4028,-0.0001,2609
23,52,39603.2172,0.3953,-0.0,2611
23,53,37412.3948,0.3944,-0.0,2614
23,54,38249.232,0.3948,0.0,2604
23,55,40346.9778,0.4116,0.0,2614
23,56,39480.2758,0.4182,-0.0,2611
23,57,39152.0154,0.4081,-0.0,2605
23,58,37993.1087,0.402,0.0,2612
23,59,38160.9812,0.4258,0.0001,2609
